1.5035657,1.3403679,1.2354466
1.5348268,1.200669,1.180001
1.6819264,1.108813,1.1837373
1.6059557,1.2538363,1.2334392
1.849806,1.0117059,1.1802912
1.8707706,1.0076559,1.1840461
1.7455277,1.0040023,1.1437871
1.6197251,1.154241,1.1869228
1.4962229,1.4151373,1.2666532
1.441714,1.3884274,1.2316285
1.5103579,1.1347778,1.137378
1.669596,1.4678113,1.3622437
1.6617014,1.1471082,1.1978157
1.8414718,1.1520523,1.2610892
1.7256131,1.0004308,1.1354597
1.6774197,1.0461532,1.1468706
1.3768862,1.1546772,1.0968252
1.573274,1.4869429,1.3314006
1.6069843,1.1801018,1.1959928
1.5747455,1.2150089,1.2021557
1.5193758,1.1447808,1.145831
1.3635267,1.3141309,1.1652802
1.6734198,1.1056179,1.1790904
1.7639368,1.2448286,1.2861093
1.4379538,1.3422915,1.2093122
1.7370186,1.2359695,1.2718875
1.3992435,1.1922435,1.1236864
1.6555471,1.0844862,1.1613101
1.8341374,1.0367914,1.1908841
1.5979863,1.2345748,1.2207266
1.6223483,1.465254,1.3418684
1.6968493,1.3360265,1.3088928
1.6100193,1.11378,1.1618319
1.4501883,1.2476141,1.1703097
1.9648142,1.0014896,1.2076404
1.7786099,1.1072867,1.2149217
1.66716,1.2653573,1.2620198
1.9935964,1.0118408,1.2225542
1.4912328,1.2748986,1.1996045
1.5211068,1.0642074,1.1041013
1.5415618,1.2803228,1.2219696
1.402134,1.183585,1.1206684
1.5174153,1.1756306,1.1608509
1.4981138,1.2281291,1.1796696
1.4934781,1.2912804,1.2082982
1.453298,1.3757958,1.23088
1.4849862,1.274946,1.1971507
1.672134,1.2196088,1.2401181
1.5920368,1.2680439,1.2353123
1.4865488,1.2707058,1.1957465
1.5451124,1.4000723,1.2800997
1.538765,1.1930718,1.1776395
1.6118875,1.1683648,1.1916015
1.6813627,1.2554656,1.2621298
1.7070706,1.2477266,1.2674097
1.5590024,1.3021725,1.2393681
1.7529436,1.2150038,1.2662402
1.4349494,1.1674433,1.1255605
1.5729461,1.3131568,1.2501321
1.6909127,1.0493813,1.1531167
1.5968231,1.0602543,1.1280265
1.418411,1.2746713,1.1702274
1.7918288,1.2266223,1.2860196
1.5033101,1.3697337,1.2489423
1.5891496,1.146816,1.1721225
1.468908,1.225051,1.1668394
1.597203,1.3932387,1.2980287
1.5642378,1.3164004,1.2482935
1.8624617,1.2317523,1.3129747
1.7040657,1.099894,1.1861727
1.8731267,1.0373181,1.203083
2.1003685,1.1183034,1.3212279
1.6478559,1.0049294,1.1135057
1.7872115,1.4177526,1.3838888
1.4694175,1.1883353,1.149073
1.5779068,1.3515908,1.2705662
1.9222308,1.0619075,1.2330241
1.3247342,1.2216737,1.1072987
2.219884,1.000365,1.277366
1.2665616,1.1705025,1.0598047
1.4471458,1.315507,1.2008756
1.9516013,1.0409238,1.2287923
1.5187745,1.0622578,1.1022377
1.7507888,1.2158698,1.2659571
1.4941233,1.3798568,1.2497857
1.4361513,1.3140765,1.1956905
2.1744206,1.0022974,1.2665093
1.4643106,1.2838356,1.1931021
1.4939251,1.3112948,1.217935
1.4714547,1.3043787,1.2056235
1.6715441,1.1835028,1.2208143
2.2568488,0.9921325,1.2814269
1.631772,1.3419478,1.2869955
1.4630462,1.3957131,1.243933
1.7761216,1.1355968,1.2302355
1.9626129,1.0031554,1.208076
1.5691737,1.2092495,1.1971608
1.5932271,1.2818198,1.2426071
1.5063537,1.3691803,1.2499391
1.4744859,1.2350274,1.1738485
2.2114081,1.1402966,1.3675994
1.4799496,1.1266032,1.1220119
1.7561173,1.1983691,1.2583171
1.8831688,1.0821201,1.2333474
1.6753982,1.2029694,1.232521
1.8267285,1.172036,1.2675949
1.4492863,1.2408278,1.1667163
1.5532686,1.2365466,1.2049226
1.6147375,1.3504363,1.2845044
1.4043909,1.3266773,1.1881889
1.9693635,0.99011934,1.2016138
1.7311242,1.3408583,1.3241675
1.9865123,1.0606663,1.2514758
1.6094013,1.3400338,1.2773806
1.4427929,1.3669581,1.2224805
1.2604748,1.2105498,1.0753125
1.5512623,1.064783,1.1149073
1.7869077,1.0308112,1.1727061
1.5690738,1.3039162,1.2441393
1.2490907,1.2251086,1.0768971
1.9907501,1.142945,1.3032085
1.5174855,1.1805218,1.1633503
1.8265986,1.0212898,1.1791544
1.9256691,1.0971128,1.2555048
1.3734996,1.0467238,1.0418983
1.3309418,1.2866898,1.139195
2.273183,1.002214,1.292719
1.5100532,1.1620975,1.1512475
1.8323067,1.0581868,1.2032113
1.5617346,1.2762785,1.2278031
1.5222471,1.3507397,1.2478644
1.7216516,1.1931914,1.2435699
1.6472393,1.2575932,1.2507021
1.725125,1.0113758,1.1418282
1.618856,1.0415895,1.1249987
1.645718,1.0997052,1.166426
1.7619044,1.0863914,1.1974688
1.7235357,1.2792008,1.289769
1.515361,1.1970116,1.1708434
2.156144,0.99625975,1.2574822
1.9688724,1.0871352,1.2626116
1.44917,1.3850178,1.2332726
1.5916613,1.1299738,1.1640869
1.585413,1.2524478,1.2250196
1.7144041,1.1965396,1.2428463
1.3890183,1.2786825,1.159992
1.5165575,1.3834307,1.2606964
1.6768912,1.215526,1.2396791
1.6392359,1.0351233,1.1280704
1.9257983,1.1168038,1.2673705
1.4188129,1.2094918,1.1396768
1.8288132,1.0717149,1.2101905
1.5222394,1.3641058,1.2540908
1.5868483,1.30376,1.2509558
1.5751911,1.2110662,1.2003183
1.8206542,1.0778741,1.2112722
1.6905549,1.256341,1.2659284
1.7803998,1.1448796,1.2368953
1.4568949,1.2760494,1.186455
1.5631421,1.2388567,1.2098126
1.5614215,1.2826176,1.2307881
1.3928578,1.1874635,1.1188748
1.9991441,1.0099039,1.2228936
1.6095574,1.1593368,1.1860101
1.3325634,1.2958272,1.1439394
1.4744452,1.4202442,1.2597216
1.3646545,1.1551574,1.0922567
1.6342843,1.3079942,1.2712276
1.7797623,1.0047442,1.1547842
1.4009693,1.29102,1.1705832
1.5774677,1.3285584,1.2593452
1.5343407,1.4628499,1.3041576
1.9626108,1.1305777,1.287062
1.5097,1.1311654,1.1352743
1.4677925,1.2585061,1.1824895
1.7205734,1.1161757,1.2008238
1.5403903,1.3083631,1.2350497
1.909402,1.3442175,1.3904226
1.551532,1.3692222,1.2683579
1.4729723,1.2578933,1.1842488
1.9986469,1.0952485,1.2765802
1.8412577,1.2691433,1.3262087
1.6091332,1.2274097,1.221212
1.462833,1.4275234,1.2579881
1.593764,1.2505981,1.227236
1.3051742,1.166071,1.0736258
1.3518394,1.1453282,1.082489
1.4283777,1.3071392,1.189299
1.5788342,1.2732183,1.2328553
1.7856007,1.1529518,1.2431703
2.04318,0.99935704,1.2284832
1.4533724,1.3439296,1.2164778
1.742611,1.011033,1.1470912
1.3105009,1.2258677,1.1032809
1.7060322,1.3753289,1.3319495
1.5790766,1.2154785,1.2040036
1.596223,1.0058961,1.0972929
1.541151,1.2505633,1.2072475
1.4503506,1.4039288,1.2422001
1.4250804,1.3597366,1.2117615
1.8829488,1.0699964,1.2259744
1.5418059,1.3532406,1.2569318
1.5125649,1.2232357,1.1828171
1.5722982,1.4057246,1.2938249
1.4707677,1.3010151,1.2037714
1.6308696,1.1151749,1.1698114
1.6738609,1.1424552,1.1994962
1.8899145,1.1672624,1.2855895
1.3674173,1.2923812,1.1571916
1.5384291,1.3765888,1.2664871
1.8800654,1.0958041,1.2405685
1.5549964,1.2261685,1.20039
1.7105953,1.0412709,1.1547849
1.5957237,1.2232318,1.2141217
1.6017538,1.2560737,1.2329894
1.4819897,1.2082926,1.1637262
1.4142009,1.2777678,1.1699406
2.1051455,1.0718524,1.293144
2.0484457,0.9975101,1.2287409
1.461554,1.1846766,1.1442562
1.638174,1.2777591,1.2575635
1.5432543,1.1166353,1.1398208
1.3411402,1.2258049,1.1159738
1.8770535,1.1193454,1.2535583
1.8176433,1.0568372,1.1978383
1.582479,1.2348075,1.2150555
1.487364,1.4527868,1.2796688
1.6714216,1.2774522,1.2697762
1.9636219,1.2832268,1.375702
1.4657803,1.2062498,1.1564728
1.5002398,1.2777005,1.2045069
1.9769136,1.1344309,1.293808
1.9047893,1.1068516,1.254877
1.6710697,1.2061534,1.2326608
1.3562838,1.264782,1.1400506
1.5985672,1.2464757,1.2269619
1.4671648,1.3312035,1.2163345
1.6961488,1.150543,1.2115797
1.5413303,1.2110479,1.1876613
1.5786202,1.1758478,1.183504
1.8855077,1.133781,1.2647176
1.6897851,1.0869358,1.1741261
1.3615469,1.0019099,1.0143952
1.744289,1.1925483,1.2510673
1.4273111,1.1857423,1.1315551
1.6034666,1.2241087,1.2174331
1.4660482,1.2763588,1.1902721
1.5948324,1.061211,1.1278803
1.7789924,1.0511813,1.1823565
1.9234102,1.0523818,1.2275145
1.8652374,1.0354162,1.1995276
1.5352145,1.4412299,1.2947975
1.6806971,1.0594552,1.1555488
1.5144438,1.3023233,1.2218925
1.708818,1.1267923,1.202803
1.421173,1.1145581,1.0940298
1.8316652,1.0785491,1.2151408
1.4594074,1.3555053,1.2242601
1.4900676,1.3405935,1.2300543
1.8030651,1.3083204,1.3336582
1.640134,1.1786503,1.2071083
1.5608523,1.4389659,1.3044529
1.7899005,1.1155466,1.2233405
1.9842899,1.0298109,1.2313627
1.9745522,1.018851,1.2215593
1.8689106,1.1169451,1.2495638
1.5284122,1.1780493,1.1661704
1.4794799,1.2385055,1.1774833
1.4982204,1.0636891,1.0957752
1.7906984,1.1058761,1.2180368
1.7410003,1.151071,1.2271532
1.5832665,1.0143433,1.0978136
1.5773565,1.0594064,1.1209371
1.6293899,1.2586068,1.2445998
1.9069775,1.0047289,1.1929086
1.5096945,1.293776,1.2159332
1.6014127,1.0308144,1.1131291
1.6770399,1.0313768,1.1382388
1.3420491,1.2437856,1.1245744
1.4434557,1.4155648,1.2443899
1.4826298,1.2418746,1.1803445
1.5102518,1.1087118,1.1238153
1.404548,1.3705404,1.2078185
1.348578,1.31722,1.1602596
1.6453197,1.182709,1.2111005
1.7104735,1.1540755,1.2184259
1.5155998,1.3370384,1.2387615
1.4903464,1.3780037,1.2473724
1.7225454,1.3174171,1.3090696
2.2954357,1.039056,1.324026
1.624175,1.2290986,1.2276174
1.6473612,1.2552613,1.2495558
1.8150694,1.0000877,1.1626749
2.334774,0.99438363,1.303204
1.7189538,1.3298109,1.3140372
1.3308713,1.0186309,1.0118045
1.6386186,1.0492941,1.135905
1.6553243,1.0981466,1.1688262
1.6137497,1.2825661,1.2507784
1.515425,1.3192959,1.2303365
1.4868242,1.2975225,1.2085929
1.4909991,1.2315985,1.178613
1.5058094,1.27796,1.206829
1.9233178,1.0393746,1.2194291
1.4466844,1.2397848,1.1651871
1.4946809,1.3550513,1.2386303
1.5674171,1.0445627,1.1093727
1.3098421,1.2260038,1.1030669
1.5837009,1.113764,1.1526266
1.6633755,1.3631957,1.3096007
1.8432498,1.250688,1.3168539
1.5428742,1.2396268,1.202502
1.6274933,1.027832,1.12006
1.5872642,1.1154236,1.1547667
1.4914719,1.3020712,1.2126034
1.5125372,1.214098,1.1782854
1.562012,1.2413572,1.2106333
1.4894665,1.4067667,1.260042
1.2640615,1.2343298,1.0873955
2.102543,1.1011121,1.3110423
1.490187,1.295327,1.2089019
1.9816953,1.0393668,1.2366635
1.477001,1.3529836,1.2304024
1.7034647,1.0805153,1.1750199
1.927826,1.0530301,1.2292409
1.4943299,1.2151963,1.1718637
1.6503102,1.0945508,1.1651366
1.4519334,1.1018928,1.0990397
1.9152366,1.0357264,1.2147523
2.0905054,0.9934744,1.2377203
2.123782,1.005005,1.2545607
1.735787,1.0003103,1.1385508
1.6579313,1.1941887,1.2216594
1.4805367,1.163037,1.1406945
1.9071242,1.0769767,1.2376232
2.1596525,0.99465925,1.2573436
1.5336218,1.3477049,1.2510346
1.4471219,1.1828249,1.1378
1.3163652,1.251985,1.1175178
1.7303877,1.0390397,1.1598114
1.424555,1.1642233,1.1199801
1.6963071,1.3887806,1.3348404
1.4868242,1.2975225,1.2085929
2.0381954,1.0300857,1.2470747
2.2448206,1.0250129,1.3008926
1.4056276,1.272138,1.1638263
1.7247685,1.0010071,1.1355408
1.590451,1.3617009,1.280364
1.7482045,1.1040272,1.2031125
1.7776155,1.1743623,1.2524527
1.6160556,1.2678548,1.244283
1.64656,1.0823785,1.1571116
1.4275256,1.3532099,1.2098666
1.6199223,1.2071218,1.2147325
1.3215305,1.2980214,1.140171
1.476688,1.2588699,1.1861854
1.6874031,1.0578147,1.1568091
1.9319532,1.1428019,1.2847494
1.4432544,1.3871096,1.2316966
1.548282,1.3373104,1.2519944
1.4349521,1.1265084,1.105212
2.064291,1.0096524,1.2411563
1.8171006,1.084713,1.2141781
1.4736177,1.3352731,1.2208604
1.8066795,1.2597342,1.3090911
1.5057989,1.371162,1.2506237
1.5127636,1.0804636,1.1098406
1.4457626,1.3369281,1.2101245
1.7279488,1.2418487,1.2717869
1.6561902,1.1162089,1.1790773
1.8638935,1.0442845,1.204536
1.6550884,1.0937836,1.166328
1.5892293,1.0703183,1.1309885
1.6390413,1.0189339,1.1187457
1.819774,1.1095827,1.229566
1.4853351,1.1129571,1.1169767
1.8432407,1.0083426,1.1762426
1.5558202,1.3816553,1.2759117
1.6090865,1.253629,1.2345066
1.446058,1.3645821,1.2227852
1.6906804,1.1029308,1.183403
1.7207351,1.1007285,1.1921794
1.4798708,1.1503832,1.1340711
1.5965987,1.1872103,1.1959312
1.617814,1.2366269,1.2291253
1.5930781,1.1852849,1.193653
1.6768508,1.198593,1.2307185
1.6019583,1.1049678,1.1542642
1.5799291,1.1784736,1.18534
1.5642611,1.1202756,1.149229
1.8371234,1.0508792,1.2003148
1.7004015,1.1973063,1.2383492
1.5016462,1.2667307,1.1997924
1.44422,1.1731476,1.1319276
1.2996558,1.1783308,1.0770541
1.6943117,1.0231209,1.1389912
1.7166201,1.0757695,1.1766325
1.5285577,1.3058447,1.2291692
1.36309,1.3250016,1.1699189
1.479822,1.3645661,1.2368717
1.581828,1.1949228,1.1945163
2.2400937,0.99196804,1.2769161
1.5894603,1.2721729,1.2363877
1.7941558,1.0197355,1.1682806
1.4170538,1.3208623,1.1908643
1.716888,1.2062031,1.2489038
1.9153795,1.0093222,1.1982694
1.5601755,1.2926857,1.2352183
1.6810529,1.1344798,1.1976082
1.8497057,1.0009454,1.1735971
1.6012625,1.3501388,1.2790835
1.534154,1.2409558,1.1998284
1.8338327,1.1659075,1.2664777
1.3045833,1.1987165,1.0884548
1.3478212,1.2084572,1.1106993
1.3082377,1.2631727,1.1190652
1.3232365,1.1850702,1.089815
1.5706387,1.4170545,1.298406
1.4511936,1.2721955,1.1823487
1.4763039,1.3279232,1.2185591
1.4088717,1.2705833,1.1644355
1.5285032,1.2841443,1.218723
2.1497252,0.99323225,1.2536969
1.3488191,1.2324921,1.1222113
1.4971595,1.2543621,1.1920652
1.7440233,1.0067749,1.144983
1.4646785,1.1941195,1.1501037
1.4535621,1.2874523,1.1904649
1.6183944,1.3234721,1.2727846
1.7137582,1.2353048,1.2632736
1.5229942,1.3668011,1.2556504
1.6203712,1.3672642,1.2948357
1.452669,1.275463,1.1844797
1.3567116,1.1517813,1.0875068
1.4452385,1.1536052,1.1226438
1.4454219,1.2399536,1.164767
1.4192567,1.273551,1.1700524
1.7800497,1.1732668,1.2526661
1.4848547,1.228236,1.1745908
2.0996103,1.064645,1.2869208
2.1189344,1.0301169,1.269891
1.3913577,1.2569414,1.1509564
1.5786812,1.1802511,1.1858045
1.4410824,1.2606891,1.1728659
1.6270931,1.3054161,1.2672111
1.545349,1.440297,1.2986124
1.7593644,1.1793128,1.2489945
1.7885284,1.0924125,1.2095467
1.4339476,1.2831789,1.1805117
1.765832,1.0939678,1.2031096
1.6834699,1.017377,1.1321719
1.7181926,1.1576232,1.2230134
1.5713617,1.2825634,1.234595
1.6120481,1.4927797,1.3502579
1.7079235,1.2064902,1.2459054
1.8086433,1.0124586,1.1682999
1.4222991,1.1796824,1.1266598
1.3852885,1.2295877,1.1357679
1.5084,1.3049877,1.2207531
1.6534145,1.2451327,1.2465863
1.9935211,1.0938382,1.2741686
1.6912917,1.0251563,1.1392128
1.7041142,1.022103,1.141521
1.5034075,1.2385439,1.1868092
1.8025091,1.1704832,1.2586554
1.3507375,1.2554926,1.1335182
1.501429,1.2893945,1.2105644
1.4097161,1.2410516,1.1510086
1.4902335,1.3528498,1.2357893
1.4939251,1.3112948,1.217935
1.6930337,1.3283362,1.3035971
1.3940065,1.123513,1.0882062
1.4995476,1.1518874,1.1421574
1.4911807,1.24397,1.1846986
1.3923733,1.0875303,1.0696243
1.5095632,1.2615587,1.2003949
1.4554559,1.2710136,1.1835032
1.7436254,1.1858155,1.2471688
1.6003722,1.1552238,1.180563
1.6513449,1.1267602,1.1831828
1.4735894,1.2534881,1.1823839
1.5202646,1.3693042,1.255697
1.6746281,1.1372482,1.1969194
2.3180106,1.00707,1.3078098
1.9183857,1.0958372,1.2524896
1.6898967,1.2060924,1.2393246
1.6188931,1.4261123,1.3222255
2.047744,1.0384355,1.2551882
1.4272639,1.3138856,1.1919295
1.4526227,1.3123423,1.2016612
1.3478492,1.043747,1.030871
1.428758,1.3698463,1.2178394
1.6460272,1.1758001,1.207692
1.4918379,1.2821356,1.2032971
1.6418535,1.3985617,1.3183267
1.7216737,1.208566,1.2518494
1.2534084,1.2191135,1.0761034
1.4675978,1.1678104,1.1381986
1.3865091,1.2153218,1.1295686
1.7253182,1.1154693,1.2020108
1.3574274,1.213018,1.1167312
1.5503174,1.3242615,1.2465847
1.3797988,1.2734227,1.1537675
1.460695,1.2735299,1.1867913
1.4344103,1.3438898,1.208555
2.2874296,0.9900429,1.2879329
1.341497,1.2608682,1.1320927
1.6137257,1.33918,1.2786489
1.6055793,1.3298179,1.2709281
1.5956924,1.3908113,1.296277
1.5978632,1.3399847,1.2728517
1.9316708,1.108028,1.2639334
1.9167497,1.2660373,1.3503478
1.4175524,1.273964,1.1695489
1.4968337,1.3494128,1.2369055
1.613396,1.4112419,1.3130183
1.3676513,1.1759361,1.1033826
1.413821,1.3187615,1.1885618
1.6053487,1.0249496,1.111123
1.5068539,1.0494678,1.0911918
1.382286,1.229657,1.1345834
2.0537114,1.1388388,1.3199985
1.4445164,1.4024464,1.2390501
1.8532283,1.1931468,1.2883
1.5657313,1.2854737,1.2338506
1.5954701,1.170448,1.1867974
1.886961,1.0386358,1.2080721
1.4957771,1.3675054,1.2448148
1.6883836,1.0166855,1.1333368
1.8955002,1.0043347,1.1892872
1.4333603,1.3199396,1.1972227
1.5350662,1.3255714,1.2411537
1.4396412,1.1318728,1.1096687
1.5207698,1.4008363,1.2704167
1.5914391,1.2721031,1.2371054
1.8438113,1.0358742,1.1932875
1.6458658,1.2171915,1.2293795
1.588413,1.1830797,1.1908134
1.760727,1.1656554,1.2419128
2.0884602,0.99099004,1.2354997
1.681407,1.1564924,1.2097342
1.5452949,1.1484649,1.1571927
1.3759625,1.1478839,1.0931761
1.4819058,1.3027099,1.2090602
1.3348804,1.3048861,1.148936
1.729585,1.1658427,1.231421
1.4464312,1.3005061,1.1936482
1.5611583,1.0080684,1.0869303
1.5843011,1.1789612,1.1871836
1.9105294,1.0832382,1.2424617
1.7968471,1.0500369,1.1872863
1.3790762,1.3418813,1.1842327
1.9787154,1.0283585,1.2288189
1.5448065,1.3400455,1.2519052
1.5343511,1.3302615,1.2430937
1.6343583,1.1968918,1.2146345
1.6887853,1.3375744,1.3066261
1.5304446,1.2463121,1.2010446
1.5963835,1.2416308,1.2236998
1.5214007,1.4570884,1.2960999
1.5998143,1.1369249,1.170669
1.4142296,1.2023582,1.1344496
1.6256182,1.0403272,1.1265303
1.6007388,1.4531277,1.3274083
1.591914,1.2654704,1.2339832
1.3771259,1.2132084,1.1247973
1.6884575,1.1893414,1.229889
1.6074919,1.1218005,1.1652756
1.5277269,1.0878031,1.1190401
1.4453303,1.098087,1.0946589
1.4776092,1.0983453,1.106602
1.364601,1.3453941,1.1795584
1.4175524,1.273964,1.1695489
1.705215,1.0331283,1.1483188
1.4575375,1.3160973,1.20541
1.5000578,1.1813,1.1572042
1.5134732,1.261211,1.2017518
1.5029612,1.083381,1.1078991
1.8052586,1.4062692,1.3849127
1.6384548,1.469562,1.3504446
1.333028,1.2861221,1.1398319
1.5202353,1.4008845,1.2702173
1.4709493,1.1033576,1.1067673
1.7185577,1.2549185,1.2753074
1.6968828,1.0477289,1.1541022
1.8003091,1.0578336,1.1930039
1.922213,1.0046935,1.1973449
1.661986,1.3438598,1.2995573
1.5910317,1.3843535,1.2913586
1.3542396,1.2577302,1.1359943
2.0362036,1.0630138,1.2675517
1.9962538,1.1621001,1.3163865
1.3819662,1.2222933,1.1310111
1.8289926,1.0003047,1.1669999
1.3475308,1.2787474,1.1426835
2.3851855,1.0171239,1.3322412
1.9982378,1.0215074,1.2300965
1.4745338,1.3529084,1.2293488
1.5201986,1.1814332,1.1648244
1.4575375,1.3160973,1.20541
1.5059325,1.3295478,1.2313466
1.4022563,1.1935617,1.1255078
1.4905397,1.2043475,1.1650622
1.476427,1.2613701,1.187278
1.5403903,1.3083631,1.2350497
1.4939431,1.4339612,1.2741234
1.6081827,1.0208077,1.1097108
1.4182572,1.3855803,1.2203417
1.5158811,1.2580733,1.2011653
1.5539846,1.1952065,1.1843848
1.8285164,1.1002629,1.2269303
1.639278,1.160635,1.1972368
1.5888674,1.0183692,1.1019443
1.4733601,1.2462702,1.1788287
1.984075,1.0217685,1.2261767
1.4518126,1.2226015,1.1589683
2.1686277,1.0147841,1.2733759
1.5129553,1.4225186,1.2770114
1.5880584,1.060788,1.125345
1.4714772,1.3056152,1.2062106
1.4705855,1.2882662,1.1977105
2.1761665,1.0123881,1.2738103
1.5226456,1.1953528,1.1727545
1.5967845,1.1057582,1.152894
1.8812321,1.0336913,1.2033017
2.3975985,1.03358,1.3470498
1.7907712,1.2820342,1.3153969
1.489412,1.2490575,1.18647
1.3572928,1.2081177,1.1143928
1.3907853,1.2206368,1.1337898
1.3599758,1.1981055,1.1107923
1.2767721,1.1551211,1.056953
1.8778073,1.0755424,1.2277336
1.645479,1.257282,1.2498928
1.6091332,1.2274097,1.221212
1.2662897,1.2480328,1.0943878
1.4333425,1.158813,1.1206907
1.6753275,1.0818744,1.1664664
1.4174113,1.0301322,1.0492699
1.4356849,1.2801635,1.1798142
1.560296,1.1133081,1.1441264
1.8553056,1.1274534,1.2513673
1.780627,1.0760409,1.1974822
1.406475,1.2398744,1.1491491
1.8439487,1.0819681,1.2210279
1.4467717,1.41016,1.2434292
1.6824572,1.0421767,1.1462243
1.397531,1.2641451,1.1568152
1.5923675,1.0612975,1.1270912
2.1655114,1.0282012,1.2815158
1.4714191,1.2316489,1.1710154
1.3871925,1.1443833,1.095839
1.4190114,1.3946198,1.2246488
1.6718497,1.2191184,1.2397588
2.2224808,1.0344052,1.301238
1.425869,1.210892,1.1431333
1.9413078,1.032324,1.2203623
1.3473055,1.1340085,1.0752591
1.6028552,1.432454,1.3186951
1.6499392,1.2117013,1.2279907
1.6942307,1.182347,1.228161
1.5500405,1.4814098,1.3191096
1.5662762,1.0323309,1.1022097
1.5915645,1.1411905,1.1700093
1.5814432,1.2698596,1.2321877
1.505268,1.391179,1.2595778
1.8199759,1.1314558,1.2422682
1.6899453,1.1416487,1.2045834
1.6003106,1.2228749,1.215637
1.4752177,1.333443,1.2206706
1.6442719,1.0940429,1.1628083
1.4090604,1.2741249,1.166151
1.3444241,1.3381612,1.1676593
1.9032174,1.1099013,1.2562047
1.7694731,1.0093607,1.1544143
1.354999,1.109433,1.0663031
1.9088657,1.0244814,1.2058547
1.5099424,1.3052686,1.2215015
1.487217,1.2717416,1.196506
1.3925513,1.2030554,1.1261865
1.6127326,1.2030836,1.2100242
1.5871305,1.3804721,1.2879618
1.3829408,1.2222962,1.1314063
1.6318593,1.4235277,1.3262211
1.3640826,1.2891912,1.1543523
1.685459,1.2776349,1.2750461
1.917296,1.1124,1.2620898
1.3661331,1.2305678,1.1284304
1.6881115,1.0496498,1.1523602
1.9660354,1.1005068,1.2699325
1.8884223,1.0043983,1.1872406
1.5669531,1.1505551,1.1661217
1.6425666,1.1499934,1.192698
1.7790442,1.1376055,1.232339
1.8928139,1.0784122,1.2340947
2.063512,1.0919054,1.2937901
1.393849,1.2837024,1.1642882
1.4754163,1.2322509,1.1728681
1.676881,1.1425058,1.2005644
2.0275228,0.991057,1.2186475
1.9012247,1.1429074,1.27507
1.8612725,1.0619147,1.2144186
1.5572398,1.0680548,1.118752
1.4283777,1.3071392,1.189299
1.7822417,1.1393368,1.2343768
1.7383325,1.1019063,1.1986587
1.4830776,1.3569008,1.2347078
1.7618943,1.279458,1.3037376
1.4714956,1.2240547,1.1673642
1.3330668,1.2980415,1.1451346
1.6060672,1.0701253,1.1366206
1.5331862,1.1782148,1.1680269
1.3750554,1.3165294,1.171248
1.4716699,1.2168853,1.1639445
2.1798112,1.0153296,1.2767844
1.8729992,1.1129355,1.2484999
1.952378,1.0741162,1.2496291
1.4781338,1.2851632,1.199272
1.3994865,1.1860931,1.120833
1.4367063,1.1882515,1.1364264
1.8596728,1.0477757,1.2053704
1.455163,1.1537302,1.1264665
1.9309973,1.0526147,1.229935
1.6589694,1.0573816,1.1472152
1.5030446,1.3855386,1.25608
1.9965571,1.1201793,1.2912239
1.4880258,1.1611626,1.1425613
1.5726055,1.0008918,1.0866743
1.4810541,1.3713863,1.2404953
1.6274899,1.1613568,1.1934534
1.3872133,1.2524815,1.147197
1.4954491,1.2940155,1.2103821
1.9606827,1.0462493,1.2348118
1.7578856,1.0867037,1.1963469
1.7875537,1.0820047,1.2031782
1.4613955,1.2605894,1.1809397
1.5325017,1.3224303,1.23864
1.5687755,1.3405663,1.2616837
1.439007,1.3124691,1.1961291
1.7867233,1.0070295,1.1583028
1.4823391,1.2008193,1.1601813
1.3881375,1.3150051,1.1760943
1.3818383,1.3521794,1.1899663
1.4343002,1.241221,1.1609454
1.4305646,1.3559345,1.2123721
1.5827911,1.2423337,1.2189604
1.9477001,1.0971574,1.2622961
1.7305641,1.296663,1.3013673
1.5823247,1.2508299,1.2230445
1.418,1.1645713,1.1176219
1.73876,1.0109262,1.1458265
1.9697083,1.0319993,1.2284999
1.3894814,1.3381962,1.1870388
1.7914157,1.0204701,1.1678807
1.6918085,1.1180052,1.1921791
1.4628085,1.2096598,1.1569855
1.8908201,1.148409,1.2749566
1.4588192,1.1530025,1.1274838
1.6691338,1.086764,1.1671407
1.5038009,1.4296544,1.276371
1.3713768,1.3063647,1.1651424
2.2274125,1.0158906,1.290004
2.0905054,0.9934744,1.2377203
1.444398,1.2966752,1.191041
1.5048276,1.4385654,1.2807966
1.546732,1.3457656,1.2553825
1.3193809,1.1911685,1.0910692
1.6975014,1.1184218,1.1943326
1.5714003,1.3337879,1.2594743
1.7273744,1.27326,1.2880702
1.4187661,1.2339871,1.1513132
1.7389861,1.0550458,1.1719098
1.3819263,1.3742224,1.1996778
1.904679,1.1871364,1.3018193
1.6181296,1.2678105,1.2450395
1.6834145,1.0375654,1.1438757
1.4457626,1.3369281,1.2101245
1.6290811,1.2841645,1.2573686
1.490187,1.295327,1.2089019
1.3232005,1.2861779,1.1356606
1.6567676,1.2040778,1.2264527
1.6087232,1.3340564,1.2742122
1.6292007,1.2527575,1.2415591
1.311377,1.2917818,1.1330522
1.6899453,1.1416487,1.2045834
1.4502594,1.217224,1.1557646
1.6458527,1.1050913,1.1694378
1.6409347,1.3561907,1.2974967
1.4593658,1.3175335,1.2068228
1.3678986,1.2836995,1.1534767
1.5367019,1.3739603,1.2645614
1.5507474,1.1745425,1.1726364
1.5667897,1.2388334,1.2111789
1.4531595,1.3502244,1.2192563
1.5601755,1.2926857,1.2352183
1.5923795,1.031442,1.1104729
2.2413309,0.99330443,1.278168
1.7098317,1.1965798,1.2412682
1.5415001,1.1901101,1.1771578
1.6300474,1.291841,1.2615744
1.404548,1.3705404,1.2078185
1.2814134,1.2544376,1.1037183
1.9392873,1.0156895,1.2092917
1.3794014,1.2415276,1.1389303
1.6311327,1.1751022,1.2020268
1.7396599,1.2334993,1.2715057
1.5382359,1.2975761,1.2290173
1.5682545,1.3861305,1.2830364
1.3937455,1.232567,1.1405836
1.7423627,1.1438047,1.2235732
1.2880522,1.2411836,1.100687
1.4856923,1.1148454,1.1180816
1.6141026,1.3347849,1.2766558
1.661696,1.14339,1.1957995
1.4621496,1.1945851,1.149359
1.7517987,1.2767781,1.2987096
1.7160167,1.0550319,1.1645105
1.4911807,1.24397,1.1846986
1.5663729,1.1296724,1.1549499
1.7230798,1.1616907,1.2269173
1.3791692,1.2186022,1.1281518
1.7906868,1.1815765,1.2608733
1.5622827,1.4430572,1.3069144
1.4294558,1.2855275,1.1797713
1.4798074,1.2915481,1.2029595
1.8284152,1.0136725,1.1750491
1.7768021,1.1030284,1.2118869
1.5465648,1.3474137,1.2560947
1.7459556,1.2404684,1.2774416
1.8450618,1.2054398,1.2924675
1.9858035,1.1919234,1.3307223
1.5154126,1.1592467,1.1517822
1.5158811,1.2580733,1.2011653
1.3517696,1.2732931,1.1420121
1.6100358,1.2480966,1.2320654
1.3750554,1.3165294,1.171248
1.4143614,1.2394998,1.1521485
1.4568949,1.2760494,1.186455
1.3495617,1.3119857,1.1583673
1.4875652,1.2980555,1.2091416
1.9046705,1.087994,1.2435298
1.7417346,1.1276917,1.2143515
1.8328433,1.1289603,1.2450051
1.4678854,1.2929791,1.1988399
1.4454219,1.2399536,1.164767
1.7911005,1.1582417,1.2479767
1.6681961,1.11219,1.1809585
1.5853602,1.2536159,1.225584
2.0812767,1.0270958,1.2573549
1.5572587,1.3982902,1.284243
1.712027,1.0139152,1.1392106
1.6085567,1.2951976,1.2550802
1.8932472,1.0346518,1.2075071
1.5988677,1.1895742,1.1979815
1.3184149,1.2648042,1.1241208
1.6029929,1.0846407,1.1435535
1.6556897,1.1599797,1.2026556
1.775527,1.0697699,1.1921889
1.6807669,1.2521152,1.2601788
1.5325242,1.0355649,1.0925184
1.378069,1.3082435,1.1688113
1.5070388,1.3141856,1.2245631
1.632614,1.3099194,1.2715474
1.859286,1.0084808,1.1811349
1.5127878,1.1809199,1.1617936
1.4425421,1.2147039,1.1515241
1.5382359,1.2975761,1.2290173
1.5340277,1.4596893,1.3026088
1.5255067,1.4232501,1.2825947
1.7492054,1.3360144,1.3284155
1.6858593,1.3253858,1.2994182
1.4899125,1.1901091,1.1577662
1.839427,1.0630935,1.2083628
1.5957114,1.3462723,1.2750415
1.4621658,1.2846245,1.1926104
1.6116683,1.2064605,1.2113819
1.4141786,1.2672381,1.1650501
2.1926281,1.003361,1.2721323
2.2719095,1.0260596,1.308847
1.4184676,1.1917453,1.1310103
1.5388114,1.3535357,1.2558651
1.501345,1.0947922,1.1133246
1.4109768,1.2025713,1.1332672
1.8828378,1.0020729,1.184134
1.4498163,1.1869467,1.1408598
1.662247,1.0961497,1.1700593
1.423633,1.3473743,1.2056028
2.3916202,1.048991,1.3562859
1.4407774,1.2874628,1.185284
1.7353247,1.0004421,1.1384864
1.5461625,1.2045994,1.1862277
1.8719668,1.0813944,1.2294364
1.5588841,1.2180738,1.1977843
1.9995456,1.0495298,1.2483088
1.3438827,1.2129594,1.1111784
1.7438467,1.0329428,1.160492
2.042468,1.0893841,1.2860017
1.4691889,1.3496354,1.2256398
1.4867423,1.1401987,1.1314613
2.322092,0.9981438,1.302596
1.782077,1.2476805,1.2940061
1.700517,1.144148,1.209572
1.5947071,1.2450519,1.2247987
1.4929839,1.2015404,1.1646078
1.4788924,1.0497847,1.081542
1.6078733,1.1609399,1.1862555
1.5189794,1.2824045,1.214148
1.4664786,1.3349661,1.2177866
1.4354799,1.3326056,1.2038804
1.9667842,1.2100437,1.335168
1.4071923,1.3867368,1.2160891
1.5130115,1.1882674,1.1655743
1.584787,1.3160465,1.2561477
1.7382647,1.1359584,1.2178195
1.3932856,1.2756077,1.1603477
1.5142267,1.310417,1.2256529
1.659656,1.0631592,1.1507108
1.4717478,1.2897758,1.1988885
1.5248528,1.2123744,1.1821066
1.5379343,1.2814175,1.2210886
1.8185416,1.2164278,1.2895995
1.4913279,1.3031385,1.2130493
1.6006331,1.1887697,1.198206
1.3502364,1.2388228,1.125701
1.5920461,1.285697,1.2440739
1.5367019,1.3739603,1.2645614
1.5115327,1.4417833,1.2850752
1.9030668,1.1454387,1.2771388
1.5447056,1.4262497,1.2919495
1.4690413,1.3450803,1.223491
1.7002118,1.248372,1.2652767
1.424536,1.1063416,1.0911473
1.5127693,1.234331,1.1883591
1.6330708,1.3729295,1.3025492
1.34768,1.0353396,1.0265409
1.4400212,1.3429457,1.2104721
1.3206981,1.2309242,1.109833
1.3453585,1.2660884,1.1360698
1.4774169,1.2303988,1.1727502
1.7485521,1.3032979,1.3113563
1.5593888,1.2874842,1.2323786
1.3853123,1.0973139,1.0718768
1.3400867,1.3266366,1.160741
1.8860906,1.054918,1.2177819
1.4999717,1.3389832,1.2333411
1.8799634,1.0490028,1.2123073
1.4514645,1.3380194,1.212988
1.623402,1.0109257,1.1090554
1.4059498,1.2993028,1.1764313
1.423016,1.1137818,1.0943311
1.4946172,1.3029417,1.2142752
2.1541119,1.0328615,1.2814761
1.4264919,1.2076269,1.1418109
1.7215291,1.119693,1.2031145
1.623898,1.2655236,1.2460493
1.4196303,1.3500503,1.205117
1.3763311,1.2540857,1.143471
1.8085613,1.2764784,1.31873
1.3825854,1.2484401,1.1434332
1.4829859,1.2364464,1.1778548
1.564012,1.135013,1.1569196
1.564111,1.2676723,1.2244829
1.7410462,1.0733635,1.1831963
1.974117,1.021979,1.2234262
1.6193435,1.1129701,1.1646284
1.6567245,1.3635424,1.3072008
1.8524994,1.2044094,1.294383
2.1361732,1.0811507,1.3080208
1.7562635,1.1505,1.2319806
1.8116148,1.061578,1.198775
2.1683364,1.0225602,1.2785178
1.9460557,1.0605639,1.2393659
1.477747,1.4046787,1.2541648
1.5713892,1.199037,1.1927804
1.382611,1.1927195,1.117317
1.4238162,1.1215409,1.0985295
1.3963453,1.3193004,1.1814824
1.3900764,1.2787998,1.1604837
1.2822989,1.2407451,1.09804
1.8770288,1.1412534,1.2663678
1.6634498,1.0005105,1.1159204
1.7341576,1.1362506,1.216603
1.4209223,1.3019862,1.1838574
1.4981828,1.0896862,1.1095102
1.9603364,1.0098922,1.2117287
1.5119348,1.1926544,1.1673695
1.4571354,1.2778934,1.18742
1.8338695,1.2358783,1.3055272
1.9999007,1.0050986,1.2200043
1.5174855,1.1805218,1.1633503
1.4419848,1.2860879,1.1851344
1.387959,1.2613256,1.1515865
1.4165123,1.1961677,1.1323748
1.6467727,1.0574822,1.1432323
1.6021135,1.1346507,1.1702693
1.4386451,1.3883735,1.2302978
1.565668,1.3813622,1.2797568
1.4149501,1.3399141,1.1985904
1.5727828,1.335954,1.2610586
1.6468349,1.2874429,1.2656877
2.0436258,1.0179564,1.2407639
1.8094392,1.0946794,1.2175748
1.5006872,1.2131807,1.173307
1.3851773,1.349353,1.1901509
1.3307648,1.1688379,1.0852734
1.6597801,1.1469474,1.1970613
1.6442097,1.0841494,1.1573042
2.0442321,1.1646119,1.332776
1.608271,1.151676,1.1814996
1.6322893,1.4878076,1.356353
1.4894665,1.4067667,1.260042
1.6944649,1.1469626,1.2090431
1.6768508,1.198593,1.2307185
1.60741,1.1777846,1.1949353
1.5436469,1.3253639,1.2444671
1.8514088,1.0099248,1.1796715
2.0845077,1.1094903,1.3110199
1.7285233,1.0803909,1.1831669
1.6945515,1.3804909,1.3300953
1.8020203,1.1587806,1.2519146
1.4057192,1.3140523,1.1830423
1.7313143,1.1399735,1.217719
2.0644364,1.0363038,1.2585778
1.6035308,1.092616,1.148096
1.5688125,1.4228461,1.3003342
1.4998143,1.1544626,1.1435658
1.7610909,1.1221334,1.2176433
1.5623775,1.249611,1.2148811
1.8152874,1.1474934,1.2499062
1.6645498,1.1266541,1.1876655
1.6264495,1.362547,1.2949415
1.35228,1.1523944,1.0860515
2.0587423,0.99933016,1.2328125
1.5723892,1.2242689,1.2059637
1.9864032,1.1107843,1.2824037
1.3659172,1.2655743,1.1444236
1.7801558,1.4635779,1.4038324
1.545915,1.1677394,1.1673687
1.4043403,1.1906571,1.1249366
1.5184443,1.2773778,1.2115157
1.9876183,1.0374644,1.2371897
1.9013896,0.9935871,1.1842332
1.6761583,1.2033427,1.232989
1.5760086,1.2502697,1.220378
1.900626,1.0702318,1.2315395
1.5232911,1.2876256,1.2183552
1.4143614,1.2394998,1.1521485
1.5018675,1.2531291,1.1933072
1.8111821,1.1272666,1.2369999
1.662757,1.2526087,1.2538568
1.5255136,1.1744446,1.1632626
1.5863858,1.3568046,1.2764153
1.6255541,1.2750036,1.2514439
1.516218,1.1729904,1.1590676
1.6324335,1.0400773,1.1286435
1.5255336,1.1514226,1.1515045
1.4171686,1.189582,1.1294569
2.2909083,1.179617,1.4156966
2.3064651,1.0253551,1.3175175
1.6076998,1.2701706,1.2422985
1.6769867,1.0852975,1.168943
1.4856673,1.2142781,1.1680807
1.6826491,1.1119206,1.1857071
1.4549174,1.4226711,1.2524488
1.5908467,1.1775512,1.1888283
1.6435848,1.3283921,1.2848783
2.0626771,1.0207275,1.2479539
1.6356889,1.1273986,1.1781158
1.6760948,1.1308315,1.1939102
1.5283335,1.4456849,1.2939168
1.3653431,1.087012,1.0591781
1.6920809,1.2620233,1.2694275
1.4446754,1.2895517,1.1878415
1.621744,1.2498987,1.2373376
1.3322014,1.2330292,1.1155798
1.7241256,1.0369321,1.156582
1.5036016,1.3109946,1.2216786
1.3466398,1.2149404,1.1132232
1.5817459,1.368846,1.2803036
1.568489,1.1440265,1.1632581
1.6266506,1.273305,1.2510014
1.5822597,1.4318384,1.3100009
1.6379353,1.0377752,1.1291515
1.4011289,1.1585172,1.1081343
1.5704745,1.3714253,1.2770157
1.5587827,1.070685,1.1207141
1.7389939,1.0948648,1.1948668
1.450828,1.3422081,1.2146361
2.1334198,1.0167938,1.2650787
1.7435511,1.0915163,1.1944453
1.8070799,1.241599,1.29943
1.6619533,1.0827968,1.1625159
1.473895,1.2844747,1.1972498
1.9955112,1.037658,1.2396119
1.7801093,1.3964815,1.3705562
1.4677211,1.1115997,1.109824
1.798304,1.100173,1.2171959
1.5705076,1.2991722,1.2423884
1.4824953,1.288428,1.2025611
1.3105009,1.2258677,1.1032809
1.6083056,1.171897,1.1921737
1.4637164,1.3772979,1.2359366
1.6242204,1.0359334,1.1235819
1.9640322,1.1502231,1.2992346
1.9186692,1.0992922,1.2546575
1.655816,1.1815449,1.2142118
1.9588101,1.1328988,1.2872721
1.4283032,1.2229894,1.1498848
1.8209286,1.1524428,1.2545776
1.722773,1.154301,1.2227511
1.7398103,1.2558933,1.2834325
1.4190451,1.2194248,1.1445119
1.5418059,1.3532406,1.2569318
1.3514807,1.3056291,1.1563675
2.0516825,1.0709007,1.2770644
2.2719405,0.9951807,1.2874972
1.9343998,1.076163,1.2454464
1.6557645,1.1592938,1.2023135
1.5888643,1.3531772,1.2756605
1.3750554,1.3165294,1.171248
1.5630414,1.3629135,1.2700176
1.4978178,1.3357252,1.230948
1.77671,1.1418493,1.2339612
1.5825704,1.3482269,1.2708037
1.5506979,1.2774692,1.2241244
1.5265272,1.1970536,1.1750675
2.0837045,0.9921505,1.234966
1.4786963,1.1295658,1.1230628
1.4643168,1.2963282,1.1989689
1.7519867,1.3058769,1.3139421
1.4563248,1.3847569,1.2361817
1.6613196,1.0360726,1.1358402
1.8673034,1.2605785,1.3305181
1.4340011,1.3145506,1.1950203
1.4521296,1.1912563,1.1438636
2.2980008,0.99021477,1.2907903
1.6242414,1.2264577,1.2262856
1.741069,1.2116922,1.2603155
1.4273646,1.3373215,1.2026335
1.4113365,1.2261708,1.1446433
1.7387886,1.2625432,1.2865688
1.3860244,1.343957,1.1881241
2.2057295,0.99899364,1.2726556
1.5322193,1.3966727,1.2732353
1.4305909,1.3672881,1.2174735
1.7408551,1.2944657,1.3039801
1.5247493,1.3743002,1.2598444
1.6501057,1.0192914,1.1225442
1.4359674,1.3044202,1.1911731
1.510678,1.2063279,1.1737193
1.4823391,1.2008193,1.1601813
1.9897764,1.1134696,1.2850686
1.5308027,1.4007287,1.2745153
1.6147861,1.0100073,1.1057187
1.5259465,1.1695728,1.1609445
1.5273448,1.136602,1.144517
1.6153795,1.1306663,1.1727997
1.819774,1.1095827,1.229566
1.7399681,1.1240565,1.2117201
1.4063094,1.2514778,1.1545118
1.7126026,1.0974267,1.1876189
1.6254416,1.2464266,1.2369437
1.6759094,1.0902203,1.1713438
1.5563915,1.1532729,1.1637172
1.5834374,1.5624923,1.3693091
1.4845418,1.3052927,1.2113357
1.7482086,1.0599792,1.1777393
1.7860202,1.0847069,1.2042617
1.3527672,1.2750217,1.1432108
1.4429516,1.27475,1.1802274
1.6368042,1.2686068,1.2524279
1.5202523,1.227017,1.1876255
1.8884605,1.005898,1.188192
1.6580592,1.1388613,1.192083
1.6890544,1.0020924,1.1249763
1.9343764,1.0181462,1.2094057
1.7388673,1.1988962,1.2526376
1.4163938,1.2326506,1.1497319
1.7963277,1.0914253,1.2114786
1.3380501,1.2562523,1.128562
1.841213,1.1552577,1.2628382
1.6620632,1.167257,1.2087932
1.660776,1.289564,1.2719733
1.6496004,1.1805515,1.21148
1.5832742,1.4794505,1.332209
1.6473548,1.2546915,1.2492622
1.579524,1.387833,1.2883804
1.9962822,1.0725001,1.2617646
1.6010925,1.1265308,1.1655712
1.9528881,1.0273906,1.2206647
1.5072006,1.1790522,1.1587589
1.3780107,1.2709183,1.1518822
1.5382422,1.2964123,1.2284591
1.7174729,1.0012584,1.1334134
1.4159597,1.31119,1.1860094
1.513556,1.2564857,1.1994892
1.604239,1.1828071,1.1964126
1.5731179,1.3504826,1.268138
1.7075665,1.1892308,1.2365242
1.6073275,1.3219024,1.267744
1.5729917,1.3471872,1.2665162
1.3810571,1.2976853,1.1653125
1.528648,1.2759702,1.214826
1.4324223,1.1035422,1.0926659
1.5566396,1.235472,1.2056632
1.5202523,1.227017,1.1876255
1.4781493,1.36011,1.2341416
1.3984401,1.3403655,1.1918128
1.4940819,1.3985877,1.2582841
1.5125695,1.4163448,1.2740582
1.5881367,1.0337633,1.1103559
1.5194585,1.5143698,1.3205483
1.8279462,1.1316186,1.2449517
1.593431,1.4163516,1.3073611
1.5232911,1.2876256,1.2183552
1.4825507,1.3878103,1.2485803
2.196635,1.040099,1.2980103
1.8327241,1.0376976,1.1909995
1.5254332,1.4344544,1.2876354
1.8899348,1.0465728,1.2138458
1.5167985,1.2894804,1.2166885
1.6109588,1.3313007,1.2737381
2.2582593,0.9967893,1.2850345
1.5000643,1.2238939,1.178344
1.5213099,1.2829272,1.215315
1.6949375,1.0833068,1.1737862
1.5618955,1.159164,1.1687739
1.3813183,1.2280158,1.1334248
1.5218045,1.2796243,1.2139167
1.7939515,1.0008504,1.1567452
1.5957237,1.2232318,1.2141217
1.5843977,1.0914264,1.1408372
1.406568,1.2878225,1.1714343
1.5051363,1.2689726,1.2022427
1.4733781,1.204202,1.1584029
1.855228,1.0051459,1.1778535
1.7292894,1.2521273,1.277689
1.7074238,1.113905,1.1951514
1.6616894,1.0045888,1.1177427
2.1484282,1.0006111,1.2583344
1.882435,1.013447,1.1911225
1.3434929,1.3064924,1.1533382
1.5351985,1.1965033,1.178041
1.4310251,1.1038448,1.0923002
1.6376058,1.3321404,1.2844338
1.4892923,1.3876227,1.2513114
1.8234957,1.1757652,1.2686224
1.3866067,1.3341064,1.1839945
1.5504923,1.1441706,1.1568455
1.4697856,1.4098825,1.2531229
1.6725324,1.2212455,1.2411191
1.5871379,1.1796567,1.1885756
1.6545144,1.383622,1.3161075
1.5255805,1.3511254,1.2493939
1.5190805,1.1261522,1.1360931
1.6394624,1.0879536,1.1578087
1.4788924,1.0497847,1.081542
1.5442704,1.306869,1.2358608
1.6218623,1.3151248,1.270013
1.3457803,1.1722035,1.0928881
1.5537143,1.2379802,1.2058058
1.5863225,1.267096,1.232672
1.7671238,1.0117805,1.155147
2.075029,1.0011868,1.238569
1.5524875,1.1699983,1.1709406
1.5774444,1.2462595,1.2189157
1.4610273,1.390872,1.2409105
1.4905839,1.1790597,1.1525099
1.6889346,1.2835176,1.2793396
1.5181063,1.1794813,1.1630566
1.3922794,1.1135066,1.0825868
1.4104922,1.2367785,1.1493119
1.6301593,1.1267952,1.1758693
1.7217778,1.3546883,1.3276373
1.6651514,1.2906264,1.2741431
1.6977406,1.1602163,1.2174048
1.3923393,1.238825,1.14294
1.4610273,1.390872,1.2409105
1.4931171,1.1106951,1.1186424
1.4149526,1.1776073,1.122793
1.340135,1.1640508,1.0867734
1.5443355,1.3325862,1.2481781
1.9925292,1.0564643,1.2506173
1.4642025,1.3255304,1.2125007
1.9869229,1.2020462,1.3369994
1.496521,1.2850429,1.206542
1.6000814,1.3009152,1.2546575
1.4678252,1.1131201,1.1106418
1.493477,1.4289094,1.27167
1.6478494,1.3573225,1.300728
1.4739954,1.2224317,1.167548
1.5192728,1.1490923,1.1480092
1.6943104,1.1843717,1.2292773
1.5544446,1.1117859,1.1412435
1.622346,1.0073414,1.1066525
1.8835505,1.0935078,1.2402865
1.7723345,1.1294179,1.2254854
1.7496485,1.2597694,1.2889873
1.3951434,1.3117988,1.1775948
1.9142897,1.0570383,1.2276341
1.7995855,1.2091492,1.2791299
1.804231,1.0692195,1.200977
1.7500823,1.1697261,1.2405512
1.5289497,1.1781476,1.16642
1.838548,1.0380086,1.192974
1.8607054,1.000269,1.1764511
1.348958,1.3055925,1.1552752
1.6082342,1.2222968,1.2182657
1.6516235,1.1037295,1.1706545
1.9886822,1.0464509,1.2431828
1.5241239,1.1958162,1.1735429
1.4446789,1.1857708,1.1383014
1.5548443,1.3301163,1.2511746
1.5667713,1.111728,1.1455767
2.130536,1.0550973,1.2895248
1.6963906,1.0941006,1.1803579
1.4920071,1.2353154,1.1808152
1.6143844,1.2711874,1.2453274
1.6410297,1.3173413,1.278434
1.4883431,1.386617,1.2504587
1.5839756,1.379821,1.2863911
1.5879195,1.2028759,1.2008368
1.6090388,1.259025,1.2372081
1.4503556,1.2150568,1.1547548
1.8791077,1.0303984,1.2006329
1.4920071,1.2353154,1.1808152
1.70217,1.0033461,1.1298536
1.5500618,1.3139831,1.2415589
1.4377178,1.2105937,1.1476499
1.3618208,1.2248865,1.1240355
1.840876,1.0294358,1.1884706
1.5784518,1.1205004,1.1543752
1.6147213,1.1818557,1.1996977
1.5347551,1.3667614,1.2604165
1.871229,1.0151283,1.1888272
1.6652416,1.0509856,1.145648
1.643733,1.3101658,1.2758963
1.6359179,1.0009362,1.1073464
1.504034,1.241331,1.1884123
1.5169767,1.252007,1.198636
1.5004008,1.3433254,1.2355365
1.7799299,1.0346456,1.1728275
1.4969132,1.3450567,1.2349188
1.4637164,1.3772979,1.2359366
1.6168133,1.2789612,1.2501364
1.7037038,1.3184661,1.302609
1.7631619,1.292077,1.3108087
1.4339476,1.2831789,1.1805117
1.3914626,1.3093334,1.1749374
1.3873231,1.2274594,1.1355957
1.507795,1.4096005,1.2690067
1.3203611,1.0983298,1.0474643
1.6557744,1.0002381,1.1133115
1.4443871,1.3811315,1.2295085
1.617382,1.2805822,1.2511617
1.4914719,1.3020712,1.2126034
1.867753,1.1249275,1.2538753
1.3894814,1.3381962,1.1870388
1.6615033,1.361538,1.3080664
2.1283922,1.0130361,1.26119
1.549874,1.0157855,1.0874748
1.505685,1.2637924,1.1999588
1.5037336,1.2131444,1.174454
1.5305727,1.3098859,1.231898
1.3838271,1.1817096,1.112551
1.9815834,1.254994,1.3657626
1.640523,1.0042064,1.110726
1.5485655,1.239654,1.2046826
1.5526695,1.2633847,1.2179812
1.4824708,1.1955723,1.1576403
1.537502,1.262302,1.2116072
1.5601755,1.2926857,1.2352183
1.5358708,1.1722676,1.1659896
1.4257097,1.2669193,1.1695875
1.4954491,1.2940155,1.2103821
1.55718,1.392928,1.2817193
1.4020007,1.225748,1.1407038
1.4799966,1.3013431,1.207649
1.4988785,1.3607557,1.2429849
1.7215743,1.4461397,1.3725634
1.4950265,1.4231791,1.2697607
1.553154,1.1523502,1.1620632
1.7553625,1.1481674,1.2303762
1.6667857,1.3075447,1.2832874
1.3790762,1.3418813,1.1842327
1.4520937,1.3797356,1.2321423
1.5136547,1.0875361,1.1139042
1.6087841,1.1332009,1.171844
1.5006284,1.4325302,1.2763184
1.4190114,1.3946198,1.2246488
1.6432478,1.1931525,1.2158666
1.6179771,1.3563164,1.2886153
1.650238,1.0601509,1.1458882
1.6651514,1.2906264,1.2741431
1.3811198,1.148647,1.0955561
1.410177,1.1631285,1.1138905
1.3956556,1.2743737,1.1607584
1.4020332,1.2829292,1.1673174
1.498295,1.2590826,1.1947902
1.4962249,1.3497483,1.2368119
1.5199429,1.224372,1.1861992
1.8229414,1.1477069,1.2525411
1.9360968,1.0290083,1.2167449
1.6752583,1.3436782,1.3045341
1.4043733,1.3015115,1.1767833
1.5555898,1.234539,1.2048004
1.7609733,1.1708719,1.2448846
1.420422,1.3761307,1.217087
1.3177433,1.2984807,1.1387407
1.6412055,1.001257,1.1092345
1.9694391,1.1433192,1.2968118
1.8477033,1.0551656,1.2061636
1.3803911,1.1096793,1.0761615
1.6230712,1.3079323,1.2669235
1.393493,1.1030163,1.0778179
1.4229484,1.1197581,1.0973085
1.3105009,1.2258677,1.1032809
1.7397269,1.0212487,1.1522721
1.5289807,1.2265716,1.1907352
1.7687112,1.0715328,1.1910399
1.5723383,1.3326651,1.2593049
1.7959555,1.0640543,1.1953143
1.6843147,1.1726145,1.2194589
1.6996403,1.1660066,1.2212098
1.5677577,1.0425432,1.1083723
1.6255755,1.1646487,1.19452
1.4117047,1.2380213,1.1503844
1.6528012,1.2567452,1.252321
2.10509,0.9903371,1.2396187
1.9410875,1.052796,1.2330668
1.497016,1.3635879,1.2435241
1.4623239,1.2634888,1.1826869
1.5816648,1.0474316,1.1157907
1.6587881,1.0700371,1.1543
1.332218,1.1904885,1.0959909
1.6058239,1.1006336,1.1532519
1.5977225,1.5251456,1.3588668
1.5506636,1.2375344,1.2044262
1.710135,1.1876498,1.2365682
1.4056284,1.2257407,1.1421552
1.3482234,1.2470968,1.1286494
1.847642,1.3434372,1.3680866
2.3148615,0.99167645,1.2961711
1.6979773,1.2480943,1.2643255
1.5722669,1.0891887,1.1354128
1.4691848,1.1487402,1.1292433
1.3114799,1.2473531,1.113377
1.7150166,1.0533755,1.1632295
1.473548,1.0329558,1.0706658
1.3206558,1.2046384,1.0978055
1.7110049,1.1272737,1.2038084
1.7054967,1.1581936,1.2189728
1.7584318,1.085125,1.1956135
1.6324608,1.3592937,1.2957119
1.4671259,1.3207409,1.211481
1.5656396,1.2153503,1.1989362
1.8317062,1.1857271,1.2769586
1.7685829,1.1750906,1.2497989
1.6646935,1.1153587,1.1815135
1.3608255,1.2479396,1.1342548
1.4425421,1.2147039,1.1515241
1.5778377,1.0306357,1.1051551
1.4630151,1.1928968,1.1488631
1.5373014,1.16261,1.1615715
1.5012358,1.3311554,1.2302006
1.8918319,1.0778666,1.2334628
1.8027154,1.0567709,1.1931285
2.0544877,1.0349281,1.2548532
1.8535885,1.0214022,1.1874048
1.5297722,1.3960673,1.2719492
1.6302279,1.2495675,1.2403164
1.5331539,1.2105957,1.1843554
1.5475984,1.1470453,1.1572922
1.4110873,1.3334256,1.1940446
1.4491184,1.199053,1.1465055
1.5547258,1.2091995,1.1917517
1.672,1.3357435,1.299354
1.6602498,1.2394413,1.246147
1.46532,1.3120301,1.2067009
1.5392526,1.346955,1.2529458
1.6761872,1.2722971,1.2688985
1.4262552,1.2533435,1.1634467
1.5125695,1.4163448,1.2740582
1.6465718,1.2436492,1.2433143
1.5754409,1.4186707,1.3011178
1.4927173,1.2886862,1.2067631
2.1539192,1.0871272,1.3169485
1.6467483,1.0289521,1.1270052
1.436114,1.3483818,1.2113001
1.9320995,1.0136151,1.2058781
1.4417423,1.3931574,1.2337443
1.615606,1.0674508,1.1383715
1.4642025,1.3255304,1.2125007
1.463165,1.0401475,1.0708532
1.4154749,1.358391,1.2070885
1.5294719,1.1235778,1.1385123
1.6291888,1.103249,1.1627247
1.6723754,1.1138325,1.1832854
1.5181627,1.2701594,1.2079177
1.6883563,1.2982941,1.2866648
1.9962412,1.1026094,1.2803854
1.3740969,1.3013018,1.1640176
1.6869802,1.1911974,1.2303615
1.573713,1.1457475,1.1660365
1.4536978,1.341706,1.215598
1.654898,1.1502513,1.1971462
1.5133208,1.4328507,1.2818215
1.3862411,1.2227787,1.132965
1.3866009,1.3222411,1.1786926
1.501267,1.1339017,1.1335961
1.3564891,1.2432021,1.1302915
1.6300474,1.291841,1.2615744
1.4688579,1.2697178,1.1882484
1.4517293,1.2883914,1.1901622
1.5948542,1.1661359,1.1843202
1.9897923,1.0075064,1.2186733
2.1449757,0.9905961,1.2506278
1.396676,1.2470362,1.148529
2.089796,0.9963018,1.2394098
1.6930441,1.188513,1.2310562
1.7926569,1.0895165,1.2091901
1.6047488,1.0379105,1.118232
1.6834599,1.4093685,1.339878
1.7595038,1.1063664,1.2081537
1.5761133,1.1846195,1.1871208
1.8090883,1.2250292,1.2910922
1.4607819,1.2989008,1.19874
1.5125151,1.2498331,1.1958463
1.32673,1.2660674,1.12821
1.4449121,1.3989533,1.2376703
1.3330668,1.2980415,1.1451346
1.8827512,1.034481,1.2042457
1.6167762,1.2385578,1.229726
1.8399358,1.1083755,1.2353189
1.5381666,1.1987469,1.1802834
1.7163208,1.1653973,1.2266289
1.6903814,1.2123139,1.2427952
1.5925317,1.20554,1.203899
1.6794398,1.1722806,1.2175764
1.4803729,1.3193407,1.2162256
1.8110149,1.0392576,1.1852498
1.7606694,1.1560937,1.2365801
1.5900717,1.268567,1.2348273
1.4453967,1.3123499,1.1987017
1.5447133,1.3147914,1.2398373
1.3936423,1.3811177,1.2077696
1.5691737,1.2092495,1.1971608
1.453283,1.1966588,1.1469516
1.6696866,1.025539,1.132487
2.042882,1.028094,1.2471261
1.8719668,1.0813944,1.2294364
1.5013986,1.1410424,1.1373067
1.8096546,1.1744184,1.2632498
1.711706,1.146519,1.2146943
1.503734,1.2940514,1.213698
1.4566047,1.1598853,1.1300827
1.5768849,1.2226716,1.2068354
1.3773679,1.3492606,1.1867583
1.7569373,1.109958,1.2093593
1.3905275,1.3754399,1.2039357
1.3493252,1.2203882,1.1168423
1.411319,1.3819124,1.2157437
1.2490907,1.2251086,1.0768971
1.5382203,1.3454679,1.2518303
1.5583162,1.4660271,1.3156862
1.6155328,1.0724697,1.1411285
1.9374129,1.104569,1.2636235
1.7440933,1.2652146,1.2898731
1.5724007,1.3627821,1.2736988
2.1094725,1.1465013,1.3415068
1.6209748,1.1737767,1.197701
1.4791038,1.2610786,1.1881974
1.4617454,1.3150914,1.2066644
1.8055469,1.2930101,1.3264611
1.5985126,1.5301197,1.3614258
1.4913279,1.3031385,1.2130493
1.2787682,1.1693616,1.064333
1.7363774,1.1529737,1.2266426
2.2117164,1.0253468,1.2922004
1.4213343,1.3531423,1.2072233
1.6694117,1.1955591,1.2264693
1.9187284,1.0309321,1.212807
1.3855543,1.3287799,1.1811725
1.4523888,1.215966,1.1559894
1.3526722,1.2891563,1.1495239
1.4839134,1.2720484,1.1953434
1.3923033,1.2633516,1.1543049
1.47243,1.3189487,1.2128129
1.5461625,1.2045994,1.1862277
1.4848292,1.2851907,1.2019596
1.483031,1.1719005,1.1460774
1.3307664,1.3171684,1.1525624
1.6481411,1.3701034,1.3070667
1.5255378,1.0563354,1.1014072
1.4874448,1.047888,1.0835438
1.5521214,1.1979219,1.1850716
1.6912917,1.0251563,1.1392128
1.493947,1.291166,1.2084308
1.8985662,1.0175984,1.1985023
1.4430554,1.1127539,1.1012948
1.601518,1.2115535,1.2102873
1.4092833,1.1542099,1.1091835
1.5425855,1.0805185,1.1203811
1.4393646,1.2465774,1.1655065
1.49416,1.3944196,1.2564276
1.436114,1.3483818,1.2113001
1.4106739,1.2410858,1.1514106
1.394676,1.2778068,1.1619304
1.6282438,1.2328804,1.2310534
1.5284027,1.3375026,1.2441338
1.7480761,1.3677734,1.3440932
1.698446,1.1028535,1.1859595
1.4941233,1.3798568,1.2497857
1.5137622,1.3434839,1.2410365
1.5366735,1.4033152,1.278124
1.8816285,1.1079144,1.2482544
1.730157,1.073729,1.1798751
1.4651897,1.3569207,1.2273098
1.700166,1.2535303,1.2679511
1.8569812,1.0140384,1.183886
1.9483953,1.0893692,1.2577678
1.4384114,1.3979148,1.2344316
1.5347592,1.3141283,1.2355825
1.2813196,1.1561081,1.0592713
1.8951116,1.0916345,1.2427609
1.5695482,1.3103733,1.2474573
1.6062702,1.1079693,1.1573858
1.4796706,1.3177744,1.2152101
1.5317847,1.3983142,1.2738111
1.4057546,1.3017017,1.1774441
1.8844451,1.0472845,1.2126182
1.5672596,1.3452269,1.2633076
1.8041295,1.0263069,1.1753204
1.5658321,1.2712886,1.2269251
1.5205431,1.0871013,1.1161218
1.5391473,1.0338657,1.0938511
1.4264171,1.2765391,1.1743582
1.4187182,1.3412005,1.2007557
2.0679357,0.99024445,1.2293487
1.4467717,1.41016,1.2434292
1.6222643,1.3273253,1.2761657
1.4807267,1.0355219,1.0745579
1.3702571,1.1780117,1.1054063
1.5306025,1.3882399,1.2686856
1.4722736,1.130112,1.120964
1.7760259,1.3375746,1.3390839
1.8773822,1.046841,1.2102022
1.5611751,1.0701975,1.1212769
1.842501,1.2433796,1.312596
1.5496886,1.2852281,1.2275147
1.3494209,1.2906259,1.1488051
1.5119348,1.1926544,1.1673695
1.8911076,1.2192641,1.3156064
1.3792609,1.3028705,1.1668972
1.8574255,1.3132939,1.3556027
1.4169189,1.2154756,1.1417855
1.4919116,1.3707352,1.2446992
1.5055754,1.4190177,1.2723339
1.5008078,1.3672874,1.2467868
1.5900626,1.4198343,1.3076178
1.7062403,1.4558314,1.3711861
1.593782,1.0669265,1.1306771
1.4690413,1.3450803,1.223491
1.6637725,1.2770022,1.2667153
1.4425924,1.1535392,1.1216058
1.4656225,1.2391624,1.1723672
1.407261,1.246806,1.1527145
1.7741576,1.0442609,1.1767375
1.8736035,1.1670896,1.2801905
1.5032425,1.1958137,1.1656634
1.615632,1.173671,1.1957328
1.4533741,1.3878707,1.2363292
1.3890183,1.2786825,1.159992
1.739794,1.0956949,1.1956028
1.6263179,1.3509367,1.2892616
1.6295056,1.24499,1.2377151
1.5016863,1.2740878,1.2033454
1.850514,1.0056522,1.1767586
1.8025132,1.1921692,1.2707486
1.4899125,1.1901091,1.1577662
1.398858,1.3308041,1.1877112
1.4054389,1.2696364,1.1625928
1.7551721,1.3478831,1.3366733
2.268607,0.9988462,1.2891779
1.9338158,1.094552,1.2564615
1.311065,1.2182529,1.1000599
1.2833834,1.0946604,1.0311872
1.6276193,1.2848785,1.2571752
1.7515311,1.0300398,1.1611948
1.6949646,1.170438,1.2219919
1.5736052,1.245382,1.2170275
1.3287654,1.1761235,1.0878851
1.394676,1.2778068,1.1619304
1.4178728,1.3171797,1.1895323
2.2875729,1.0247386,1.3120989
1.5607057,1.4100657,1.2911074
1.8349314,1.0025787,1.1701876
1.7454786,1.1829919,1.2462627
1.446058,1.3645821,1.2227852
1.724375,1.1440758,1.2176498
1.6418535,1.3985617,1.3183267
1.7379749,1.0012342,1.1397837
1.6251777,1.286426,1.257028
1.5198528,1.358594,1.2505558
1.6326514,1.1414918,1.1846607
2.139336,1.0145441,1.2652051
1.6354022,1.2466079,1.2407194
1.5303333,1.0895048,1.1208674
1.3670354,1.1780028,1.1041213
1.7456129,1.2025397,1.2569512
1.759478,1.1632771,1.2401714
1.5189358,1.3596885,1.2506918
1.493477,1.4289094,1.27167
1.8637115,1.0142056,1.1860067
1.7646251,1.1477838,1.2332668
1.48616,1.2759025,1.1980727
1.6796594,1.1378661,1.1989853
1.3863212,1.232344,1.1374741
2.3290763,1.035947,1.3308072
1.7527725,1.2334177,1.2760801
1.7882355,1.1715487,1.2544664
1.9826444,1.0925812,1.270117
2.0825489,0.99150914,1.2342205
1.5887654,1.2063895,1.202949
1.7683928,1.2444185,1.287457
1.9578172,1.0064019,1.2087711
1.9952831,1.1885209,1.3317342
1.4934,1.4082711,1.2623733
1.4048978,1.3635314,1.2048674
1.3906322,1.1918291,1.1200799
2.0412128,1.0956975,1.289576
1.8304328,1.005772,1.1708047
1.9765387,1.0842342,1.263138
1.7131197,1.1549985,1.2198378
1.6509875,1.096739,1.1665773
1.4846413,1.3064295,1.2119099
1.3652542,1.230074,1.1278423
1.4743367,1.2919674,1.2009611
1.6869053,1.1031328,1.1822493
1.5817459,1.368846,1.2803036
1.4383914,1.3036997,1.1918358
2.1832645,0.9920959,1.2619362
1.3899992,1.2675575,1.1552948
1.7072989,1.01562,1.1387216
1.5823247,1.2508299,1.2230445
2.2591064,0.9922098,1.2820716
1.7973187,1.0916095,1.2119036
2.2297482,1.0240113,1.2961619
2.0168417,0.9904979,1.2152866
1.9957813,1.0045153,1.2184533
1.656873,1.3397115,1.2955525
1.3505558,1.251715,1.1317234
1.628757,1.1835454,1.2056252
1.513438,1.3677279,1.2521747
1.4915029,1.2447828,1.1852182
1.9983313,0.9947597,1.2128509
1.5104938,1.0692933,1.1030945
1.5436469,1.3253639,1.2444671
1.453978,1.3216351,1.206507
1.5084,1.3049877,1.2207531
1.4483957,1.1225588,1.108253
1.7751795,1.151635,1.2389542
1.8094832,1.0029953,1.1627711
1.7216865,1.1305019,1.209204
1.7728409,1.2393728,1.2863107
1.5991791,1.3049569,1.2562977
1.4115795,1.2777916,1.1688777
1.6266003,1.4441118,1.3337708
1.7579509,1.0420692,1.1703339
1.6488416,1.4383736,1.3400377
1.6667446,1.298875,1.2789063
1.4133207,1.2700202,1.1659921
1.4170595,1.1342525,1.1023157
1.975578,1.0157712,1.2198898
1.4946809,1.3550513,1.2386303
1.2533342,1.158266,1.0487309
2.086262,1.0060233,1.2448878
1.4997267,1.3135225,1.2213162
1.6166744,1.1542134,1.1858273
1.4720697,1.2031548,1.1573851
1.3930894,1.279808,1.1621919
1.3464586,1.300649,1.1520134
1.4308177,1.353662,1.2114568
1.8177187,1.2615484,1.3139199
1.4842232,1.309933,1.2133856
1.9751284,1.18507,1.3233074
1.8362614,1.2717292,1.3258718
1.9496852,1.0004874,1.2026415
1.4483207,1.3281614,1.2071754
1.7275797,1.102193,1.195273
1.4517293,1.2883914,1.1901622
1.8183213,1.0700881,1.2059307
1.3672426,1.2312863,1.1292167
1.8195808,1.090336,1.2182682
1.4146427,1.0878693,1.0780995
1.3649123,1.2741537,1.1479049
1.7730668,1.1890895,1.2590477
1.8328398,1.0738773,1.2127379
1.5876338,1.1592548,1.1781195
1.8776724,1.0082961,1.1864965
1.9983313,0.9947597,1.2128509
1.7151914,1.1851147,1.2369581
1.460259,1.2264009,1.1641122
1.9356647,1.0582271,1.2348044
1.4262723,1.168285,1.1226337
1.5870622,1.3328298,1.265167
1.4278101,1.1851748,1.1314734
1.5963835,1.2416308,1.2236998
2.231089,0.9901364,1.2732772
2.1408484,0.99762046,1.2542589
1.5406024,1.3444506,1.2523061
1.735118,1.0160326,1.1477283
1.448268,1.287517,1.188351
1.5506636,1.2375344,1.2044262
1.7795907,1.2292888,1.283227
1.4377153,1.2485363,1.165776
1.4730598,1.2022861,1.1573399
1.711742,1.051481,1.1610761
2.0905054,0.9934744,1.2377203
1.510678,1.2063279,1.1737193
1.6368624,1.2958171,1.2661368
1.5532686,1.2365466,1.2049226
1.6633573,1.3072597,1.2818556
1.8379964,1.0157243,1.1792068
1.3581114,1.2634201,1.1401944
1.5495014,1.2395782,1.2050009
1.5984846,1.2136345,1.2102388
1.4317784,1.2244258,1.1519475
1.3891275,1.3722527,1.2019336
1.5282053,1.0991105,1.1252043
1.9420367,1.003928,1.2026258
1.6776953,1.051844,1.1502197
1.4659882,1.3563955,1.2274021
1.5184443,1.2773778,1.2115157
1.32093,1.2452196,1.116398
1.4032104,1.1777531,1.1182781
