1.4217582,1.4166445,1.2354841
1.4484231,1.2697171,1.1800681
1.419253,1.3035353,1.1838776
1.521956,1.3204367,1.2334882
1.4262923,1.2898064,1.1804585
1.4858592,1.2480514,1.1845931
1.3270622,1.3013341,1.1440102
1.4103838,1.3184938,1.1870047
1.5265954,1.3874156,1.26666
1.5326853,1.307555,1.23162
1.3704065,1.2461258,1.1373695
1.6870894,1.4529376,1.3622109
1.4127138,1.3404115,1.1978714
1.592076,1.3206992,1.2612443
1.3624948,1.2493243,1.1355792
1.3439637,1.2917589,1.1469948
1.3182102,1.2046064,1.0967832
1.6552192,1.4148583,1.3314081
1.4951409,1.264165,1.196001
1.4378966,1.326762,1.2022204
1.3400301,1.293628,1.1461527
1.4181297,1.264257,1.1652699
1.4292125,1.2842759,1.1790915
1.5862674,1.3773878,1.2861571
1.5248033,1.2676544,1.2092929
1.4942803,1.4288471,1.2719826
1.4260577,1.1705294,1.1236501
1.4220918,1.252504,1.1613748
1.4104766,1.3273678,1.191057
1.5357065,1.2823263,1.2206604
1.6564482,1.43575,1.3418394
1.5277042,1.479927,1.3089494
1.4587985,1.222943,1.16187
1.3943735,1.2964802,1.1703318
1.525573,1.2644898,1.2080536
1.4053187,1.3862267,1.2150565
1.5902485,1.3239068,1.2620918
1.4245409,1.385153,1.2228462
1.4722975,1.290931,1.1996534
1.3262199,1.213531,1.1041845
1.4569633,1.3528322,1.2220263
1.3499541,1.2282565,1.1207305
1.4137809,1.2586654,1.1608969
1.5120836,1.2171642,1.1796316
1.424193,1.3528501,1.2082995
1.5445586,1.2963355,1.230898
1.446985,1.3075901,1.1971552
1.540937,1.3185883,1.2401599
1.4516752,1.3872712,1.2353415
1.4146236,1.3339924,1.1957867
1.5622159,1.3851898,1.280154
1.44287,1.2693857,1.1776774
1.4173837,1.3223099,1.1916591
1.5406855,1.3653331,1.2621527
1.5894608,1.3357081,1.2674962
1.5762409,1.2884673,1.2393715
1.562487,1.355524,1.2663006
1.3885578,1.2051274,1.1255755
1.5883249,1.3009348,1.2501428
1.4190824,1.2378423,1.1532618
1.4113708,1.1915311,1.1281227
1.4505858,1.2471735,1.1702578
1.4807782,1.4739772,1.2861279
1.4863154,1.385125,1.2489355
1.4857858,1.2225107,1.1721578
1.382865,1.2994642,1.1668742
1.4949183,1.4870622,1.297977
1.5319602,1.3433269,1.2483066
1.5977838,1.4250191,1.3131709
1.4666629,1.2677876,1.1864572
1.3900262,1.3744102,1.2032678
1.6177628,1.4258428,1.3216432
1.3896576,1.1795397,1.1138141
1.6662514,1.5171803,1.3838452
1.4179921,1.22998,1.1491069
1.5106939,1.4105,1.2706257
1.5628651,1.2861357,1.2330664
1.3167067,1.2290415,1.1073126
1.5360959,1.4031891,1.277828
1.3068261,1.1353587,1.0598755
1.5162094,1.2570121,1.2007768
1.4265538,1.397307,1.2290777
1.292579,1.240546,1.1023276
1.4844543,1.4248841,1.2660445
1.5947471,1.295061,1.2497278
1.4224571,1.32643,1.1956463
1.5084382,1.4044137,1.266922
1.445917,1.2998095,1.1931152
1.5303365,1.2810142,1.2179277
1.4126576,1.3581386,1.205779
1.5412129,1.2782874,1.2208441
1.6204166,1.3408396,1.2820559
1.555452,1.4058251,1.2869952
1.5770972,1.2967448,1.243756
1.4964743,1.3354236,1.2302616
1.5240506,1.2664094,1.2083951
1.4076645,1.343682,1.1972046
1.4459839,1.409136,1.242639
1.5562295,1.3264003,1.2499458
1.3864876,1.311546,1.1738436
1.6127291,1.5315801,1.368093
1.3302333,1.2490904,1.122049
1.4456067,1.4454542,1.2584074
1.4675047,1.368549,1.2335621
1.4504771,1.382432,1.2326684
1.6042417,1.3241802,1.2676618
1.4881902,1.2095422,1.1667234
1.4213428,1.3480138,1.2049253
1.4801856,1.4708171,1.2844908
1.4416406,1.2930357,1.1882268
1.4870065,1.2832922,1.201926
1.5547887,1.4885381,1.3243083
1.5899506,1.3028915,1.2517287
1.4697608,1.4648958,1.2773814
1.5307837,1.2902559,1.222565
1.3056881,1.1693331,1.0753525
1.4111639,1.1645476,1.1149654
1.4517733,1.2516986,1.1728832
1.4450467,1.4137018,1.2442528
1.3214285,1.1589941,1.0768862
1.5242639,1.4708343,1.3034432
1.4538606,1.2300797,1.1633732
1.5121886,1.2164795,1.1793326
1.4634802,1.4217396,1.2557071
1.2901465,1.1116298,1.0419647
1.3640119,1.2559149,1.1392242
1.5962265,1.3839773,1.2932572
1.3867912,1.2617359,1.1512955
1.4884709,1.285013,1.2033268
1.4985404,1.328339,1.2277925
1.4733413,1.394798,1.2478684
1.442609,1.4147,1.2436447
1.557273,1.3271697,1.2507263
1.4387124,1.1981153,1.1420029
1.446693,1.1574183,1.1250921
1.4558321,1.2349557,1.1664917
1.3874466,1.3640422,1.1976031
1.6162518,1.3601114,1.2897719
1.4109048,1.2826914,1.1708612
1.5776497,1.3260694,1.2582159
1.4946955,1.4080533,1.2628193
1.4791497,1.3573089,1.2332729
1.4383305,1.2446542,1.1641818
1.5423522,1.2860507,1.2250582
1.580824,1.2920536,1.2428966
1.3425293,1.3224792,1.1599729
1.5425452,1.3605585,1.2606674
1.4486743,1.4000539,1.2397642
1.3229831,1.269525,1.1281668
1.5498723,1.3689187,1.2675455
1.4184437,1.2098258,1.1396906
1.4506569,1.332955,1.2103372
1.4962119,1.3874362,1.2541088
1.5349292,1.3464243,1.2509584
1.4182836,1.340587,1.2002966
1.490437,1.3003465,1.2113744
1.4817548,1.4271957,1.265927
1.5538085,1.3015091,1.2370178
1.4669087,1.2676007,1.1864665
1.5178692,1.2743666,1.2098368
1.5776418,1.2699099,1.2307631
1.3144629,1.2568538,1.1188935
1.5410455,1.2832495,1.22319
1.4409004,1.289054,1.1860745
1.4010828,1.2334116,1.1439409
1.5857913,1.3225898,1.2597156
1.2955347,1.2154077,1.0922832
1.508056,1.4143734,1.2712768
1.4435759,1.2210568,1.1549889
1.4283938,1.2666812,1.1705636
1.6000143,1.3104205,1.2592999
1.6273237,1.3808767,1.3041152
1.6290953,1.3445874,1.2872485
1.4288572,1.1922406,1.1353114
1.3753397,1.3415984,1.1825064
1.4460576,1.3162369,1.2007643
1.4286315,1.4089046,1.2350734
1.6557075,1.5413731,1.390542
1.489554,1.425332,1.2684083
1.4454277,1.2812227,1.184259
1.4945983,1.43935,1.2768035
1.6657453,1.3956006,1.3262926
1.4068582,1.3988761,1.2212609
1.5115287,1.3821642,1.258042
1.4483619,1.3724523,1.227297
1.312623,1.1596122,1.0736277
1.3587072,1.1397235,1.0824847
1.3930917,1.3400327,1.1893924
1.4749081,1.3602644,1.2328694
1.4561704,1.400886,1.2433267
1.4415807,1.3859229,1.2304562
1.444458,1.3520253,1.216442
1.3939966,1.2471735,1.1475033
1.3620839,1.1802973,1.1032375
1.5327339,1.5274003,1.3319983
1.4856927,1.288835,1.204032
1.3791673,1.1540109,1.097395
1.518899,1.2681191,1.2072172
1.4960629,1.3615049,1.2421731
1.5215888,1.2751936,1.2116922
1.4617136,1.3575144,1.2261342
1.5124311,1.3789,1.2569138
1.4289261,1.2926823,1.1828667
1.633865,1.3540481,1.2937089
1.5163887,1.2629747,1.2037438
1.395717,1.2943157,1.1699063
1.5251333,1.2474482,1.1995583
1.5788234,1.3828146,1.285737
1.3493586,1.3095208,1.1571887
1.5886637,1.3342013,1.2664564
1.5708313,1.2956265,1.2407849
1.4140486,1.3449069,1.2004526
1.3546731,1.2992489,1.1548845
1.4140793,1.3757195,1.2141927
1.4244316,1.4083126,1.2329996
1.3501097,1.3236262,1.1637427
1.4281071,1.2655845,1.1699346
1.5941274,1.3861148,1.2934303
1.4695178,1.3571415,1.2292078
1.4414449,1.2005117,1.1442305
1.588682,1.3159658,1.2576224
1.3735522,1.2488174,1.1399024
1.3178988,1.2471659,1.1159998
1.5297534,1.3568707,1.2537701
1.470434,1.289004,1.197997
1.443851,1.3496518,1.2151129
1.5519431,1.3930936,1.2796627
1.5201595,1.4000866,1.269821
1.6852304,1.4832065,1.3757755
1.444958,1.22307,1.1565006
1.5035692,1.2748863,1.2044708
1.4884058,1.4846917,1.2941146
1.4560273,1.4276578,1.255124
1.5515962,1.2946392,1.2328275
1.4077832,1.2194161,1.140024
1.4309045,1.3884008,1.2270066
1.3998027,1.3943255,1.2162122
1.4625007,1.3252544,1.2116754
1.4994326,1.2435324,1.187699
1.4828469,1.2483394,1.1835514
1.5518149,1.3616048,1.2648935
1.5022765,1.2137393,1.1741909
1.2652702,1.0746064,1.0144275
1.5148329,1.3642277,1.2511252
1.3191447,1.2808481,1.1315653
1.4184786,1.3788823,1.2174757
1.448456,1.2914472,1.1902608
1.3883479,1.2103746,1.1279734
1.5045978,1.2288429,1.1825191
1.5308176,1.3009993,1.2277426
1.4460725,1.3138822,1.1996858
1.592482,1.3902996,1.2947485
1.4801506,1.193404,1.1556816
1.431188,1.3765866,1.2218775
1.3946846,1.3689841,1.2028942
1.2771893,1.236718,1.0940716
1.5510172,1.2594703,1.21542
1.4950743,1.3237922,1.2242628
1.5687062,1.275293,1.2299998
1.5485778,1.515724,1.333723
1.5111686,1.2742137,1.2071359
1.6023617,1.4023721,1.3044069
1.4247373,1.3865434,1.2235456
1.5595281,1.2855949,1.2315108
1.5648726,1.2617162,1.2218331
1.4790645,1.3935775,1.2497255
1.3441194,1.335136,1.1662058
1.4903837,1.2297832,1.177489
1.297047,1.2218242,1.0958155
1.5436927,1.2707514,1.218132
1.5002666,1.3257234,1.227266
1.3045723,1.219485,1.0979105
1.4276274,1.1638873,1.1209978
1.5037655,1.3600285,1.2446537
1.466368,1.2821152,1.193118
1.542074,1.2674155,1.2158754
1.3006006,1.2573464,1.1132201
1.379409,1.2402002,1.138318
1.4094363,1.185569,1.1244903
1.5180582,1.346956,1.2443992
1.4183154,1.2967683,1.1803873
1.2977833,1.284328,1.1239109
1.4493645,1.3284863,1.2077554
1.4120711,1.2585903,1.1601678
1.5200171,1.2753267,1.2111416
1.5247196,1.2868466,1.2185417
1.5759156,1.2875926,1.238817
1.5198897,1.3516796,1.247348
1.5425143,1.4662524,1.3091369
1.5312915,1.5116738,1.3244945
1.5427434,1.2911377,1.227675
1.4788634,1.3934133,1.249567
1.3772742,1.2957361,1.1628456
1.5635427,1.4359058,1.3041668
1.615683,1.4114523,1.3140354
1.1855844,1.1395714,1.011845
1.4606141,1.1687082,1.1359944
1.3821547,1.3046113,1.1688983
1.5635118,1.3221475,1.2507763
1.427357,1.3995463,1.2304097
1.4160318,1.3613034,1.2086236
1.4429836,1.2707986,1.1783868
1.5336218,1.2556125,1.2068335
1.5431174,1.2743305,1.2196563
1.418711,1.2636601,1.1652277
1.4460499,1.4001195,1.2386736
1.2895079,1.259535,1.1094433
1.3074377,1.2282579,1.1030797
1.3774073,1.2732427,1.152693
1.5231905,1.4858001,1.3096179
1.5741953,1.4542083,1.3169473
1.4326166,1.3322433,1.2025234
1.3965763,1.1869746,1.120109
1.4737533,1.1965781,1.1547992
1.5420308,1.2607654,1.2126015
1.3915927,1.3167152,1.1783189
1.5280786,1.2678552,1.2106646
1.4808376,1.4149528,1.2600744
1.3908212,1.1243263,1.0873904
1.5248843,1.4886678,1.311611
1.5171851,1.2726756,1.2087522
1.5273576,1.32317,1.2369404
1.5145967,1.3201096,1.2303894
1.4162518,1.2874825,1.1752663
1.5588111,1.2820255,1.2294896
1.3705673,1.3221942,1.1718656
1.4003532,1.2798157,1.1651949
1.4116356,1.1318351,1.0990517
1.5467021,1.2622586,1.2151333
1.4530472,1.3920094,1.2380407
1.492786,1.3924472,1.2549592
1.4172684,1.2087759,1.1387236
1.4542061,1.3544941,1.221633
1.4203337,1.2104104,1.1407174
1.5831548,1.2799119,1.2378151
1.4878598,1.4032459,1.25778
1.5245157,1.3556762,1.2510897
1.3215935,1.2926385,1.1378268
1.4185624,1.1638942,1.1175078
1.358273,1.3071932,1.1599559
1.3472276,1.2291266,1.1200088
1.650726,1.4260033,1.334933
1.4275318,1.3504618,1.2086335
1.5320812,1.3411409,1.2473258
1.56012,1.4329201,1.301384
1.4197809,1.2598063,1.163862
1.4199039,1.2003024,1.1356975
1.5323327,1.4121772,1.2803915
1.5104815,1.2667233,1.2032523
1.5830837,1.3098665,1.2524788
1.5723546,1.3015838,1.2442799
1.449527,1.220743,1.1571755
1.4071559,1.3725843,1.2098399
1.4059412,1.3849858,1.2147804
1.4403076,1.19298,1.1401274
1.4994009,1.2404524,1.1861873
1.397229,1.2646143,1.1569082
1.6150469,1.3510247,1.2849101
1.5780021,1.2714435,1.2316597
1.5194868,1.361914,1.2519507
1.3109738,1.229778,1.1052486
1.4474361,1.4051832,1.2415112
1.5120934,1.2885076,1.2143646
1.4404296,1.365707,1.2209222
1.5455071,1.463353,1.3090965
1.4877015,1.3875225,1.2506021
1.3476453,1.206871,1.1098905
1.5188191,1.2742293,1.2101425
1.5765613,1.3554307,1.271863
1.3721623,1.3370408,1.1791303
1.4321374,1.337482,1.2047018
1.3445075,1.3352828,1.1664381
1.4308581,1.181836,1.1310312
1.4371547,1.1520913,1.1188183
1.5283813,1.3070856,1.2296926
1.3390555,1.2299368,1.117008
1.4367332,1.2722205,1.1765294
1.6000669,1.344519,1.2759047
1.5316133,1.3147947,1.2346528
1.5513234,1.2741297,1.222734
1.4630613,1.2645057,1.1834636
1.4075353,1.332825,1.1922791
1.3238993,1.2819753,1.1340967
1.3892508,1.358558,1.1959639
1.5367254,1.2990779,1.2291465
1.5058551,1.2506886,1.1936759
1.5693259,1.2763886,1.230777
1.3375691,1.314629,1.1543844
1.5148377,1.226646,1.1853704
1.467131,1.1905286,1.1492786
1.4812078,1.2850813,1.2004621
1.4939266,1.3552815,1.238427
1.474209,1.2896175,1.1998028
1.3989148,1.2097967,1.1319233
1.2566013,1.2182612,1.0770913
1.3754117,1.245556,1.1391613
1.3567544,1.3467435,1.1767561
1.468592,1.3580564,1.229241
1.3455805,1.3421084,1.1698834
1.4454756,1.3964863,1.2368152
1.5341686,1.2303385,1.1945796
1.5927263,1.3537383,1.277454
1.5436507,1.3085542,1.2364265
1.3648099,1.319915,1.1683983
1.4218653,1.3163666,1.1908228
1.4591458,1.4108816,1.24904
1.4100971,1.3447039,1.1986912
1.4267654,1.4110605,1.2352128
1.3981087,1.3538786,1.1976864
1.469127,1.2396444,1.1739765
1.5082445,1.4321655,1.2793736
1.5406836,1.2359079,1.1998234
1.4571275,1.4527508,1.2665964
1.3443241,1.1640575,1.0884496
1.3593636,1.1984586,1.1107111
1.3948606,1.1852669,1.1186132
1.2940267,1.2113208,1.0898026
1.5778079,1.4107788,1.2984184
1.5063449,1.227262,1.1824147
1.4318697,1.3683767,1.218502
1.394491,1.2834241,1.1644268
1.4839469,1.3215605,1.2187116
1.4629794,1.4189646,1.2542634
1.3798659,1.2053343,1.1221937
1.4915521,1.2589374,1.1920749
1.3222777,1.3086246,1.1451482
1.422482,1.2284425,1.1501687
1.4346324,1.304107,1.1904802
1.6227143,1.3201133,1.2727966
1.5862004,1.3297458,1.2633395
1.5277076,1.3626285,1.2556279
1.5690913,1.4107449,1.2948502
1.4259863,1.2989016,1.1845278
1.2748601,1.2242546,1.0875351
1.3495715,1.2327187,1.1226255
1.4746784,1.216175,1.1647643
1.3945751,1.295708,1.1700644
1.4652324,1.413423,1.2527639
1.3659731,1.3328303,1.1746161
1.505086,1.4525824,1.2871563
1.5124496,1.4083315,1.2703742
1.3858018,1.2618859,1.1509577
1.4570996,1.2744898,1.1858023
1.5007646,1.212075,1.1727905
1.4961987,1.4164611,1.2672387
1.5639204,1.4228542,1.2983283
1.5475361,1.3317314,1.2490449
1.404281,1.3750038,1.2096734
1.4783698,1.2457027,1.1805239
1.5394936,1.2436244,1.2031893
1.3786118,1.2281193,1.132375
1.4565994,1.3556299,1.2231469
1.5155168,1.3283173,1.2346296
1.5792046,1.5233647,1.3502092
1.5475901,1.3251914,1.2459488
1.4731368,1.2251011,1.1685114
1.3909147,1.2054447,1.1266674
1.3955334,1.2207907,1.1357706
1.4856815,1.3244337,1.2207557
1.4848013,1.3816301,1.2467167
1.6146523,1.3297318,1.2744035
1.3186262,1.3000964,1.139831
1.3325732,1.2906882,1.1416662
1.3677179,1.358921,1.1868311
1.5758183,1.3286197,1.2587273
1.3659436,1.241711,1.133501
1.4238002,1.3582911,1.2105727
1.3417898,1.3028944,1.1510164
1.4899606,1.3531038,1.2357944
1.4965161,1.3090254,1.2179075
1.5076739,1.4874458,1.3036659
1.2622488,1.2379776,1.0882252
1.4431745,1.1948323,1.1421427
1.4506452,1.2776997,1.1847157
1.2637593,1.194825,1.0696561
1.4945928,1.2738332,1.200424
1.4598919,1.267242,1.1834961
1.499685,1.3692971,1.2472486
1.4975181,1.2304382,1.1805698
1.4009067,1.3189901,1.1832594
1.3887478,1.3282367,1.1822842
1.5112873,1.3772808,1.255698
1.4383632,1.3150434,1.1970468
1.5649614,1.4438589,1.3083917
1.5377892,1.3476356,1.2526785
1.4611768,1.3873247,1.2393821
1.6958725,1.363496,1.3222145
1.5950423,1.3064985,1.2554601
1.4587373,1.286142,1.1919416
1.4847448,1.2845855,1.2016388
1.2713776,1.1040504,1.0308838
1.5393641,1.2735246,1.2178077
1.5464066,1.2473776,1.2076871
1.5395948,1.2437872,1.2033083
1.5327961,1.4955268,1.3180343
1.5454382,1.3395236,1.2519102
1.2465752,1.2256869,1.0760685
1.3506886,1.265943,1.1382381
1.4095936,1.1959318,1.1295388
1.4896898,1.2813814,1.2020845
1.4172169,1.1633579,1.1167257
1.5843085,1.2968063,1.2465703
1.335844,1.3149449,1.1537799
1.3965575,1.3310544,1.1868511
1.4275104,1.3502891,1.2085468
1.550489,1.4133617,1.2884333
1.334416,1.2675717,1.1321324
1.4826671,1.4549038,1.2785835
1.5437839,1.3814688,1.2709366
1.5352407,1.4445899,1.2963262
1.5768176,1.3573377,1.2728728
1.5158674,1.3916817,1.2641985
1.6052,1.4990673,1.350263
1.4065243,1.2838712,1.1696017
1.5391338,1.3133037,1.2369202
1.6278373,1.3991345,1.313048
1.3121921,1.2245207,1.1033767
1.3905116,1.3406336,1.1885622
1.2961768,1.2570336,1.1111926
1.3487705,1.1661376,1.0912099
1.3856254,1.2267579,1.1345809
1.5347058,1.4985816,1.3202027
1.5506237,1.3082561,1.2390258
1.6365362,1.3411183,1.2884299
1.4989648,1.3409926,1.233867
1.4988375,1.2423065,1.1868713
1.5206208,1.2687091,1.208175
1.4843336,1.3778601,1.2448075
1.4305822,1.1869714,1.1334248
1.4436035,1.294146,1.1895425
1.4165345,1.3354145,1.1972308
1.4460644,1.4058084,1.2412014
1.4131299,1.1522022,1.10968
1.5012223,1.4189295,1.2704641
1.5658495,1.2920563,1.2371128
1.4786375,1.2725313,1.1934787
1.447002,1.3784493,1.2294147
1.4111805,1.3262268,1.190837
1.5609949,1.3059223,1.241962
1.5015633,1.3433626,1.236027
1.4730206,1.3120067,1.2098207
1.369597,1.2904271,1.1572272
1.3496994,1.1695235,1.0931866
1.4515616,1.3293921,1.2090782
1.3510941,1.2893085,1.1489244
1.4864384,1.3469968,1.2315311
1.4765131,1.2746257,1.1936293
1.3531268,1.1536616,1.0869927
1.4041733,1.3247613,1.187234
1.4447576,1.4102244,1.242594
1.4868562,1.25322,1.1874771
1.4125669,1.3103436,1.184213
1.5496826,1.2885116,1.2291085
1.5412916,1.3430804,1.2519352
1.5383704,1.3269267,1.2431135
1.4545797,1.3389535,1.2147056
1.5884197,1.4192278,1.3066673
1.4206423,1.3401262,1.2010809
1.533436,1.2904414,1.223695
1.6218977,1.3686364,1.296096
1.352024,1.3376377,1.1707231
1.3897446,1.2228231,1.1343986
1.4109689,1.1886523,1.1265782
1.5811697,1.4709373,1.3274667
1.43723,1.3980277,1.233976
1.3266311,1.2585016,1.1247753
1.4495169,1.3773729,1.2299944
1.4092456,1.2722089,1.1653409
1.3653955,1.2111824,1.1191084
1.3313498,1.1883953,1.0946631
1.3454319,1.2018712,1.1066637
1.4198074,1.2936896,1.1795866
1.399157,1.2903994,1.1695485
1.3882653,1.2544329,1.1485302
1.4100952,1.3597531,1.2054075
1.3649167,1.2948377,1.1572431
1.4042112,1.3571078,1.201724
1.2727402,1.2726339,1.1079385
1.7012955,1.4890584,1.3849915
1.705446,1.4133172,1.3503616
1.3805526,1.242472,1.1398385
1.4825703,1.4360759,1.2702211
1.3586823,1.1906438,1.1067634
1.4683256,1.4615794,1.2753112
1.4590999,1.2068417,1.1541734
1.5106874,1.2457438,1.1931432
1.5307211,1.2390046,1.1975511
1.5224055,1.4640083,1.2996138
1.4941567,1.4728324,1.291417
1.3190838,1.2909025,1.135983
1.4854262,1.4281414,1.2679096
1.5612682,1.4651916,1.3165464
1.3090936,1.2893364,1.1309932
1.4589525,1.2337846,1.1671576
1.3566483,1.2702202,1.1426681
1.546857,1.5156848,1.3329659
1.5098664,1.3245201,1.2305703
1.4783514,1.3495862,1.2293994
1.3746299,1.3027467,1.1648916
1.4369408,1.3345733,1.2053839
1.5479703,1.2944142,1.2313031
1.3047225,1.281084,1.1254812
1.3630598,1.3141279,1.16508
1.4018527,1.3270988,1.1873102
1.5093067,1.3345752,1.2350656
1.6146262,1.3290899,1.2740798
1.3941032,1.1675707,1.1097933
1.4325958,1.3720572,1.2204549
1.4526322,1.3113698,1.2012153
1.451183,1.2765716,1.1844026
1.415627,1.4035304,1.227096
1.4819272,1.2777205,1.1972556
1.3995472,1.1472642,1.1020246
1.4768833,1.2434418,1.1788508
1.5461835,1.2867318,1.2268817
1.4525259,1.2220359,1.1589752
1.5064956,1.4216927,1.2739265
1.5101651,1.4250932,1.2770013
1.4039456,1.1920533,1.1254512
1.4463489,1.3279198,1.2062497
1.500888,1.2630439,1.197718
1.5233862,1.4068694,1.2742574
1.4986963,1.21361,1.1727568
1.435592,1.2233492,1.1529411
1.3839612,1.3810692,1.2035486
1.6095948,1.4895542,1.3477683
1.5262259,1.496388,1.3155922
1.3685784,1.3572905,1.1864913
1.299578,1.2608985,1.1143595
1.3637646,1.2442408,1.1337692
1.3752258,1.1851283,1.1107687
1.2532003,1.1765018,1.0569566
1.4857146,1.3399503,1.2279772
1.5725136,1.313021,1.2498975
1.5479109,1.273855,1.2212805
1.3765616,1.1499172,1.0943953
1.3909895,1.1928191,1.1206939
1.3539817,1.3261368,1.1665138
1.30155,1.1175803,1.0493296
1.3670276,1.3437487,1.1798817
1.3774058,1.2546101,1.1441545
1.5717278,1.3170111,1.2515217
1.5332223,1.2372195,1.1976264
1.3629947,1.278642,1.1491355
1.4442179,1.3628362,1.221225
1.4480501,1.4089422,1.2434382
1.3170953,1.3165169,1.1463463
1.337313,1.3204188,1.156817
1.4463668,1.1618763,1.1271803
1.5082006,1.4384332,1.2821654
1.3691882,1.3216351,1.1710294
1.3715192,1.1570126,1.095848
1.4897485,1.3291918,1.2246252
1.4810236,1.3699307,1.239819
1.641756,1.3641433,1.301686
1.3903794,1.2409698,1.1431442
1.5018024,1.3102031,1.2205839
1.3144839,1.1614965,1.0752624
1.53469,1.495181,1.3186934
1.4238286,1.3977485,1.2280998
1.5740045,1.2675844,1.2282237
1.553453,1.4780881,1.3190656
1.3074672,1.2263927,1.102249
1.4595541,1.2393169,1.1700519
1.4233145,1.4076014,1.2322049
1.5854948,1.3226365,1.2596225
1.464548,1.3907591,1.2423465
1.5319996,1.2525401,1.2047015
1.4473964,1.347612,1.2156675
1.5223234,1.2909133,1.2195543
1.4328083,1.2466106,1.1629024
1.3999553,1.2822936,1.1661681
1.4066267,1.2795206,1.1676421
1.5152905,1.3751005,1.2563391
1.3414268,1.311225,1.154544
1.2798743,1.1726903,1.0663168
1.4116559,1.3600076,1.2061853
1.4352686,1.3718024,1.2214739
1.4295393,1.3218595,1.196515
1.4124941,1.1865784,1.1261756
1.4498203,1.333167,1.2100881
1.5307513,1.430543,1.2880924
1.4208099,1.1907111,1.1314275
1.5552298,1.4923784,1.3262099
1.4137338,1.2447906,1.1543838
1.5780892,1.3609391,1.2750916
1.5437047,1.3629754,1.2622689
1.4022804,1.1996533,1.1284313
1.4615619,1.2013295,1.1524363
1.5707046,1.3566669,1.2701209
1.487611,1.2525817,1.1874657
1.4673635,1.2250714,1.1662467
1.494645,1.2579019,1.1927899
1.502832,1.3344414,1.2323831
1.5421396,1.3052481,1.2342432
1.6355009,1.3532611,1.293961
1.4579016,1.2286158,1.1642565
1.4084505,1.28927,1.1728755
1.5248941,1.249849,1.2006427
1.4420923,1.3597459,1.2189388
1.5174704,1.4147223,1.2753705
1.4398665,1.3521743,1.214587
1.4214627,1.1641963,1.118775
1.3776357,1.354762,1.1892952
1.5079057,1.3345765,1.2344999
1.4351346,1.3218064,1.1988112
1.4685282,1.3702195,1.2347474
1.5604001,1.4380983,1.303869
1.3971637,1.2874366,1.1673685
1.3935617,1.2424628,1.1451328
1.356503,1.2572746,1.1367286
1.3482864,1.335336,1.1680982
1.4681863,1.2346089,1.1711802
1.4696344,1.2185005,1.1639405
1.5511804,1.388434,1.2771869
1.5643836,1.3171017,1.2486889
1.4736224,1.3990941,1.2499175
1.5149071,1.2548155,1.1992017
1.3823383,1.2004248,1.1208634
1.4110924,1.2091027,1.1364347
1.5290731,1.2566901,1.205605
1.4295129,1.1744754,1.1269156
1.4895205,1.3412398,1.2301304
1.4694823,1.1846732,1.1472881
1.4513267,1.4345231,1.2561135
1.5663426,1.4058238,1.2914453
1.4362545,1.2013614,1.1426171
1.3252985,1.1766721,1.0867385
1.5677233,1.2975075,1.2404968
1.4657825,1.2834657,1.1935195
1.4085081,1.2338157,1.1471193
1.4521394,1.331971,1.2104994
1.5075862,1.3358984,1.2349893
1.4659464,1.2895886,1.1964661
1.4235846,1.3423336,1.2033124
1.3879086,1.32586,1.1808658
1.5724626,1.2899231,1.2386279
1.4873213,1.4124136,1.2616775
1.5030407,1.2572767,1.1957741
1.4127349,1.2543498,1.1584579
1.4695423,1.2108403,1.1601712
1.357104,1.3450327,1.1761591
1.3846664,1.3492652,1.1898931
1.354698,1.3129741,1.1610012
1.5503192,1.253792,1.2123525
1.5482877,1.2689048,1.219004
1.6192313,1.3019623,1.2625027
1.5857766,1.410574,1.30156
1.4339204,1.376647,1.2230657
1.3833579,1.1927818,1.117644
1.3869623,1.250406,1.1461335
1.5463563,1.2904032,1.2287301
1.4959587,1.244812,1.1869693
1.4112898,1.2762398,1.168042
1.4037073,1.3363712,1.1922562
1.4455471,1.2235256,1.1569514
1.611981,1.3331769,1.275049
1.2953517,1.29488,1.1274638
1.4248569,1.2626437,1.1672437
1.4830059,1.4492246,1.2762258
1.420029,1.2624817,1.1652124
1.5473244,1.4206195,1.2904594
1.5657885,1.2942092,1.2381392
1.390608,1.3461554,1.1910568
1.5736852,1.3766212,1.2807548
1.4535066,1.4306808,1.2553684
1.303403,1.2055293,1.0910788
1.5243254,1.2375011,1.1943585
1.5405031,1.3598285,1.2595009
1.5153399,1.444881,1.288073
1.4229485,1.2304195,1.1512932
1.3480095,1.3445947,1.1720229
1.476474,1.2873985,1.1996641
1.5317047,1.4603064,1.3019035
1.5865861,1.2919176,1.2450469
1.3998499,1.2345296,1.1439687
1.5270283,1.2674584,1.2100632
1.4995933,1.3916196,1.2574201
1.4227711,1.3554738,1.2088755
1.3339396,1.2757934,1.1356139
1.4508708,1.3684732,1.2265617
1.6375262,1.3114506,1.2741773
1.43728,1.4152982,1.2416126
1.3241866,1.2792107,1.1329916
1.4466763,1.3244534,1.2047958
1.3748546,1.2823637,1.1557806
1.3851717,1.302975,1.1694273
1.612238,1.3799214,1.2976966
1.475236,1.303613,1.2067939
1.4219823,1.2358412,1.1534768
1.4528364,1.4522115,1.2644955
1.4019412,1.2944922,1.1725723
1.4764678,1.3119386,1.2111872
1.4173743,1.3838456,1.2191969
1.541824,1.307618,1.2352574
1.3879505,1.174177,1.1105661
1.4939795,1.444359,1.2787672
1.4896442,1.3659143,1.2415534
1.4402221,1.270793,1.1772703
1.5177639,1.3843322,1.2616078
1.4991134,1.2854118,1.2077467
1.3221271,1.2162564,1.103742
1.4531693,1.3293546,1.2097245
1.3473804,1.2705324,1.1389235
1.4029931,1.3594775,1.2022561
1.5661297,1.3636189,1.2715878
1.534221,1.300833,1.2290043
1.5186518,1.4306487,1.2830718
1.4445846,1.1904632,1.1405588
1.5260047,1.2964466,1.2236607
1.3703591,1.1681366,1.1007318
1.3038177,1.2652729,1.1181107
1.4790018,1.454188,1.2766902
1.4550695,1.2978529,1.1959327
1.4384468,1.2135663,1.1493684
1.5081123,1.4759382,1.2987928
1.4657085,1.223077,1.1646343
1.4156789,1.308688,1.1847519
1.4017768,1.2566112,1.1550591
1.4243987,1.3946776,1.2269924
1.3839056,1.214469,1.1281202
1.4638505,1.4334275,1.2610301
1.571118,1.4350873,1.3069186
1.4473467,1.2701226,1.1798261
1.3849976,1.3786937,1.2029628
1.3587394,1.341298,1.1752301
1.427418,1.358014,1.211978
1.5588524,1.3371437,1.2561175
1.6198697,1.3318069,1.2774357
1.5183104,1.4521579,1.2925866
1.5553718,1.5028234,1.3309209
1.4420326,1.2156832,1.151796
1.4550943,1.3091851,1.20121
1.355409,1.2698475,1.1419808
1.521108,1.3180186,1.2320037
1.3802986,1.3115839,1.1712518
1.4087659,1.2442589,1.15213
1.4126791,1.3154159,1.1865665
1.4213808,1.2466024,1.1583143
1.4912233,1.2950789,1.2091988
1.5049537,1.3569688,1.2437246
1.5153099,1.2861496,1.2145039
1.5961987,1.2845329,1.2450843
1.469532,1.2915266,1.198821
1.3954988,1.2831779,1.1647313
1.593498,1.2927347,1.2481025
1.4402057,1.2790099,1.1811099
1.5393244,1.2895728,1.2255814
1.5555795,1.343816,1.2579916
1.5863736,1.3732827,1.2842542
1.3849953,1.2375163,1.1393471
1.532736,1.3571641,1.2551143
1.5092014,1.2768925,1.2076519
1.4552616,1.3021038,1.19799
1.3583438,1.2281156,1.1241086
1.3470972,1.2813469,1.1436671
1.45958,1.3086817,1.2028064
1.382007,1.3574834,1.1923751
1.5162923,1.3826371,1.2602223
1.3637866,1.1565475,1.0925827
1.3489105,1.336294,1.1687876
1.406928,1.4062194,1.2244935
1.4998387,1.4227839,1.2716147
1.4971114,1.232484,1.1814125
1.4609205,1.2210717,1.161794
1.4099147,1.242034,1.1515499
1.5392735,1.2968152,1.2290579
1.6584909,1.3526841,1.3025624
1.5744126,1.3796437,1.282471
1.5284754,1.52358,1.3284822
1.5972888,1.3961546,1.2994392
1.3304468,1.3293754,1.1577547
1.5390174,1.2547804,1.2085031
1.5363107,1.3969713,1.2750556
1.4809265,1.2688293,1.192623
1.4523484,1.3337898,1.211419
1.4133317,1.2680199,1.1650681
1.4895469,1.4364276,1.2733525
1.5628586,1.4481885,1.3094935
1.42974,1.182689,1.1310132
1.4596797,1.425749,1.2558516
1.4154953,1.1577953,1.1133363
1.3653163,1.2417835,1.1332767
1.3964862,1.325579,1.1843652
1.45307,1.1844336,1.1408794
1.422658,1.2707379,1.1701293
1.4263524,1.3447727,1.2055749
1.5895542,1.5279608,1.3566594
1.4037893,1.3207542,1.1852654
1.4098905,1.21467,1.1386096
1.495706,1.243619,1.1862916
1.5594847,1.2816727,1.2295774
1.4888391,1.2730516,1.1977742
1.525829,1.3492627,1.2486223
1.3420578,1.2145207,1.111153
1.4106857,1.2614546,1.1609387
1.5817442,1.3813194,1.2862045
1.4345652,1.3818337,1.2256509
1.3451905,1.25618,1.1315167
1.552478,1.4435207,1.303049
1.56642,1.4115082,1.2941128
1.5139722,1.2770439,1.2096
1.439242,1.3756514,1.2248782
1.3907329,1.2871742,1.1645805
1.3726143,1.1267518,1.0815836
1.3906323,1.3355118,1.186332
1.5246947,1.2777855,1.2141602
1.4542702,1.3460373,1.2178118
1.3950833,1.3708084,1.2038686
1.5932996,1.4770133,1.3352807
1.4396605,1.3556918,1.2160889
1.3555743,1.3225312,1.1656066
1.4511279,1.4349779,1.2562269
1.4336379,1.3654728,1.2179501
1.4023259,1.267502,1.160331
1.4289474,1.3881541,1.2260604
1.3330644,1.3109928,1.1508446
1.3833117,1.3708274,1.198794
1.3944403,1.3224113,1.1820796
1.451803,1.3555783,1.2211221
1.5574652,1.409766,1.2896413
1.4475722,1.341623,1.2130164
1.4094787,1.3442498,1.1982265
1.3738245,1.2183375,1.1258665
1.5578299,1.3128825,1.2440836
1.5725197,1.3433379,1.2644905
1.5383314,1.4170016,1.2850821
1.5400343,1.3987685,1.277414
1.4902571,1.4778183,1.2919163
1.4832147,1.3327864,1.2236358
1.4826683,1.4250169,1.2653449
1.4030126,1.1225259,1.0911489
1.3715218,1.3587205,1.1883913
1.5605925,1.434995,1.3025295
1.3005488,1.0711552,1.0265387
1.4374199,1.3452564,1.2104329
1.400262,1.1627164,1.1098413
1.3629581,1.2499559,1.13606
1.3685982,1.3263493,1.172871
1.578859,1.4380368,1.3114626
1.5490873,1.2959976,1.2325059
1.336901,1.1354635,1.0718671
1.4834424,1.2010039,1.160695
1.4115376,1.3868991,1.2180337
1.4599013,1.3751136,1.2333496
1.4939421,1.300034,1.2126307
1.5202888,1.279003,1.2130228
1.3435996,1.2088326,1.1091512
1.4211754,1.2856036,1.1764197
1.3700681,1.1551043,1.094359
1.5045455,1.2945797,1.214272
1.516903,1.4297065,1.2819122
1.3210171,1.3022926,1.1418269
1.452948,1.3153858,1.2032012
1.487979,1.3773353,1.2460845
1.4032389,1.3656559,1.2050983
1.3934381,1.2390382,1.1434851
1.5991154,1.435767,1.3187118
1.4235809,1.2133831,1.1434238
1.393927,1.3134573,1.1778326
1.420718,1.2443229,1.1569746
1.5502948,1.2785444,1.2244931
1.4621685,1.2650402,1.1833613
1.5492532,1.2778339,1.2237431
1.4653085,1.2234099,1.1646397
1.5028827,1.5003206,1.3072195
1.5562257,1.421379,1.2944822
1.5282356,1.4783564,1.3084791
1.5520838,1.292879,1.232164
1.4387765,1.3186361,1.198866
1.6232942,1.3319727,1.27884
1.4323826,1.4155627,1.2396142
1.5227628,1.3634553,1.2540015
1.4357198,1.308353,1.1928825
1.303712,1.2635922,1.1173203
1.2948139,1.2300198,1.0985634
1.4037056,1.3124118,1.1814572
1.4071983,1.2636775,1.160551
1.3602002,1.1709899,1.0980664
1.5938067,1.3299192,1.2663951
1.3629471,1.2066694,1.1160065
1.4474523,1.3497483,1.2166609
1.4404485,1.2847607,1.1838918
1.3812786,1.1775368,1.1095469
1.5284439,1.2703254,1.2120074
1.3707604,1.3122294,1.1675056
1.5004897,1.2420367,1.1873816
1.5183058,1.4814683,1.3056093
1.540032,1.2779841,1.2202377
1.411601,1.2658895,1.1633732
1.4006618,1.3234171,1.185152
1.430214,1.2249103,1.1515591
1.3486228,1.2549967,1.1324117
1.4529684,1.1894912,1.1433225
1.475733,1.2266574,1.170278
1.4189639,1.4075735,1.2303098
1.5162706,1.4255682,1.2797792
1.396317,1.3575903,1.1985655
1.5379107,1.365435,1.2610768
1.5804183,1.3391438,1.2655987
1.4424689,1.4092032,1.241161
1.5188576,1.2899503,1.217726
1.4223777,1.2778575,1.1733243
1.3995183,1.3356119,1.1901445
1.3042792,1.1921654,1.0853251
1.3757094,1.3745925,1.1971383
1.3969626,1.2658907,1.1573884
1.5600197,1.5030369,1.3329959
1.3896087,1.3258069,1.1815618
1.5965693,1.5207055,1.3563904
1.5264153,1.3733099,1.2600663
1.3930726,1.3848282,1.2091452
1.47608,1.3546515,1.2307864
1.5021234,1.2563671,1.1949755
1.5365354,1.3313309,1.2444727
1.3607931,1.3499115,1.1798913
1.5415227,1.4718956,1.3112463
1.4955513,1.2375737,1.183291
1.5846655,1.47376,1.3302064
1.5163394,1.3649468,1.2520741
1.3702016,1.3477693,1.1830173
1.561375,1.2562001,1.217768
1.5599155,1.3424652,1.259075
1.4235429,1.2232903,1.1481397
1.5613732,1.4294105,1.3002928
1.3224304,1.3049672,1.143611
1.4856313,1.3181041,1.2177806
1.5614333,1.2503719,1.2149
1.5100998,1.3661689,1.2500867
1.4627213,1.2739007,1.1877782
1.5004003,1.4748945,1.2950152
1.3378726,1.1645474,1.0861033
1.566644,1.2835275,1.2332499
1.3988622,1.3721739,1.2060964
1.5718414,1.3821932,1.2826358
1.4123945,1.2247452,1.144391
1.7514983,1.4869004,1.4039413
1.3737551,1.3091826,1.1674106
1.3819778,1.2094208,1.1249682
1.4330308,1.3517288,1.2115171
1.4876635,1.3587575,1.2374516
1.5001473,1.2385745,1.1855614
1.4626364,1.3719368,1.2330616
1.531358,1.2852421,1.2203712
1.564178,1.2822928,1.2316936
1.4539754,1.3475515,1.2183793
1.4465399,1.2126774,1.1521119
1.3761927,1.365375,1.1933255
1.4599237,1.3834254,1.237102
1.4430541,1.43764,1.2538922
1.4125575,1.2648191,1.1632656
1.528439,1.4070952,1.276455
1.5610853,1.3255002,1.2514312
1.3388956,1.3240302,1.1590841
1.3908865,1.2098061,1.1287212
1.3241464,1.3213791,1.1515311
1.4167444,1.1899985,1.1294919
1.7657557,1.5004683,1.4160717
1.6002218,1.4336677,1.3181877
1.4650366,1.3901788,1.242292
1.3630172,1.3230982,1.1690447
1.4492953,1.2437171,1.1680984
1.4915935,1.2460308,1.1858582
1.5052129,1.3755751,1.2524116
1.4877427,1.2554036,1.188877
1.5445921,1.4108465,1.284848
1.5179335,1.355447,1.2483103
1.4981633,1.2249655,1.178138
1.525272,1.2359921,1.1939777
1.656797,1.3363231,1.2938491
1.258462,1.1766086,1.0592073
1.5739015,1.3527846,1.2695462
1.4475116,1.2871143,1.1878563
1.4907746,1.3557947,1.237369
1.414407,1.1630983,1.1155128
1.4678361,1.205146,1.1567276
1.480752,1.3306031,1.2216178
1.3729681,1.1921464,1.1131986
1.5823255,1.3683821,1.2803144
1.4514219,1.2319597,1.1633157
1.4833428,1.3924798,1.2510246
1.5434359,1.467271,1.309983
1.3577071,1.2397091,1.1291906
1.2807038,1.2652795,1.1081792
1.5100449,1.4253365,1.2770605
1.3681087,1.2124717,1.1208096
1.3759619,1.369512,1.195033
1.5319257,1.2729483,1.2146367
1.5336848,1.3784589,1.2654221
1.3864257,1.3580194,1.1945122
1.6293427,1.3693929,1.2993815
1.375868,1.2965342,1.1626154
1.3837423,1.3669187,1.1972679
1.5073082,1.3469576,1.2400372
1.6023184,1.5469677,1.3705523
1.4188843,1.1480232,1.1098303
1.5383605,1.2734072,1.217361
1.4939933,1.3638974,1.2424217
1.4755547,1.2941529,1.2024797
1.3787117,1.1665518,1.1032653
1.4530102,1.2918056,1.1922762
1.4969398,1.347122,1.2358875
1.4027967,1.1892246,1.1236407
1.5076674,1.4778947,1.2994637
1.5546314,1.3381279,1.25491
1.4158314,1.3744278,1.2143704
1.4921077,1.4658762,1.2874765
1.4179285,1.2316744,1.1498839
1.5768712,1.3194312,1.254703
1.4069118,1.4024125,1.2228276
1.5231934,1.4273632,1.2834913
1.4236952,1.2155062,1.1444848
1.4476922,1.4400024,1.2569367
1.438385,1.2281905,1.1563619
1.546525,1.392816,1.277322
1.6178778,1.3549817,1.287931
1.5492285,1.3230608,1.2455797
1.5282104,1.2507026,1.2023401
1.5067618,1.4252492,1.27564
1.4059609,1.2878622,1.171202
1.4844949,1.4337442,1.2700068
1.521135,1.3156492,1.2308906
1.5204784,1.3227116,1.2339742
1.5444697,1.3806165,1.2708191
1.5032597,1.3165325,1.2241538
1.4537443,1.2547514,1.1751189
1.4742922,1.3662792,1.2353576
1.294746,1.285513,1.1231145
1.4434541,1.3146796,1.1989766
1.6302547,1.3990746,1.3139793
1.5072374,1.3388196,1.2362136
1.3135421,1.2962258,1.1359375
1.656699,1.411879,1.3305684
1.4800808,1.2744896,1.1949846
1.4023577,1.2322935,1.1439292
1.6408532,1.3446442,1.2918228
1.4418797,1.37641,1.2263346
1.5347135,1.3667688,1.260403
1.4477311,1.3186945,1.2025841
1.3595945,1.2719086,1.144665
1.6112483,1.3576809,1.2866373
1.4611146,1.2759823,1.1881173
1.5500141,1.3804173,1.2729793
1.6109936,1.3302695,1.2732489
1.4979022,1.3068931,1.2174577
1.6568671,1.3570033,1.304056
1.5815998,1.3262502,1.25985
1.3384178,1.2428389,1.1226327
1.3810059,1.3556325,1.1911296
1.439635,1.2636719,1.1736888
1.4037364,1.2659904,1.160209
1.5353278,1.4208215,1.28558
1.4958801,1.4329189,1.2744803
1.273626,1.2668407,1.1057976
1.4379334,1.2381808,1.160948
1.3875396,1.2465194,1.1445678
1.3506016,1.3440082,1.1728928
1.552124,1.2876868,1.2296574
1.4150854,1.3694392,1.2118393
1.4635776,1.2037688,1.1544083
1.4159203,1.315062,1.187756
1.4715521,1.3724416,1.2370179
1.3960347,1.2973827,1.171434
1.4604089,1.2255062,1.1637388
1.602217,1.544199,1.3692777
1.5052106,1.2878988,1.2113504
1.4100488,1.2987076,1.1778591
1.3981651,1.3688478,1.2043312
1.3193241,1.3070301,1.143172
1.3619814,1.3495808,1.1802613
1.5016639,1.378848,1.2524475
1.3886319,1.3404993,1.1877016
1.4589651,1.2784232,1.1884049
1.3790193,1.3598348,1.1921204
1.2946669,1.2901781,1.1251171
1.4245514,1.3555748,1.2096732
1.5810935,1.3118917,1.2526914
1.3976479,1.2487577,1.1497258
1.4234189,1.3609593,1.2116051
1.4373424,1.1716442,1.1285458
1.5987641,1.3192097,1.2631143
1.5397595,1.254939,1.2088664
1.5265317,1.3992625,1.2720795
1.4644738,1.3232365,1.2115515
1.5335246,1.5269862,1.3321611
1.5482739,1.3316429,1.249296
1.484805,1.4750859,1.288359
1.525219,1.3787425,1.2620921
1.3847655,1.2953393,1.1658039
1.4786017,1.3309621,1.2209063
1.3420424,1.3203526,1.1588285
1.4551888,1.2051524,1.1518323
1.5338571,1.2998874,1.2284069
1.4365374,1.182535,1.1335719
1.4031558,1.3230308,1.1860265
1.4723173,1.2905688,1.1994909
1.3814445,1.3675033,1.1965305
1.5457009,1.3737504,1.2681181
1.435729,1.4054731,1.2366209
1.4576665,1.4548106,1.2677286
1.5245287,1.3889993,1.2665396
1.4332429,1.2513278,1.1653049
1.4065924,1.3844092,1.214808
1.2983553,1.2137007,1.0926906
1.3885224,1.3814319,1.2056879
1.4655975,1.2712741,1.1876855
1.4417801,1.3940035,1.2341362
1.5104865,1.2430594,1.1917543
1.5068814,1.3867244,1.2582114
1.5165061,1.4125993,1.2740043
1.3461854,1.209336,1.1104403
1.6420345,1.4026278,1.3203437
1.4394916,1.4211785,1.2451484
1.5986799,1.4116809,1.3072996
1.409068,1.3900969,1.2183737
1.4697477,1.3997364,1.2485693
1.5427454,1.4425474,1.2985457
1.4296542,1.3101774,1.1912198
1.5548733,1.4077061,1.2876275
1.5591521,1.2508129,1.2142506
1.4677778,1.3314055,1.2166793
1.5906669,1.3476894,1.2737393
1.6470896,1.3271086,1.2855833
1.3877802,1.3204325,1.1783806
1.4284945,1.364304,1.2152507
1.4775932,1.2326126,1.1738929
1.3719945,1.3139868,1.1688141
1.3231313,1.2812061,1.1334274
1.5249156,1.2770159,1.2138745
1.4500711,1.2202103,1.1571321
1.5142179,1.286454,1.2142193
1.395541,1.2316692,1.1408881
1.3826239,1.3098826,1.1714683
1.433695,1.3307498,1.202293
1.4086072,1.2578502,1.1584156
1.4588649,1.2570372,1.1782436
1.4884433,1.4475762,1.2778282
1.3848934,1.3611959,1.1952513
1.3663048,1.2077094,1.1178508
1.5719591,1.3322504,1.2589563
1.3955501,1.3420959,1.191357
1.3680904,1.2832297,1.1533446
1.3940465,1.3137589,1.178019
1.3430218,1.173406,1.0923502
1.5642747,1.392682,1.2844878
1.5337074,1.3480434,1.2512283
1.4611602,1.4536558,1.2687423
1.4071577,1.3149033,1.1840291
1.4714334,1.2025737,1.1568547
1.4680995,1.411436,1.2530994
1.5054296,1.3511224,1.2412083
1.473162,1.2668935,1.1886185
1.5547884,1.4702767,1.3161193
1.4418783,1.4285048,1.2493905
1.3871721,1.2287141,1.1361219
1.4099853,1.2556111,1.1579317
1.368085,1.1303407,1.0815839
1.5183529,1.3286034,1.2359039
1.5299538,1.3917376,1.2700316
1.2848096,1.2268683,1.0929222
1.4530131,1.3209667,1.2058024
1.4452049,1.387541,1.2327178
1.4779891,1.1949297,1.1556093
1.5890807,1.2776914,1.2389807
1.4786711,1.225269,1.1707453
1.5416338,1.2738373,1.2188406
1.5909686,1.2801408,1.2409139
1.4259295,1.2305347,1.1525357
1.5043443,1.4359224,1.2794095
1.3610669,1.3115214,1.1630718
1.3678632,1.1326922,1.0826435
1.4399782,1.2121781,1.1493005
1.4414715,1.2668788,1.1759361
1.580106,1.4722581,1.3276232
1.5024029,1.426066,1.2741704
1.5397323,1.2725408,1.2174711
1.337135,1.2892488,1.1429719
1.426492,1.4243444,1.2408983
1.4173933,1.1671911,1.1186681
1.3698063,1.215266,1.1228034
1.2742399,1.2231166,1.0867642
1.4925447,1.3778921,1.2482337
1.4628001,1.4114825,1.2508649
1.435776,1.351414,1.2125279
1.6794691,1.4068849,1.3371162
1.5332719,1.2552625,1.206527
1.5413342,1.34894,1.2547172
1.4166815,1.151403,1.1106517
1.5866729,1.3465962,1.2716409
1.5901489,1.4049933,1.3007197
1.4922196,1.208085,1.1675502
1.3811187,1.2596968,1.148023
1.4238776,1.400593,1.2293721
1.3676964,1.2572292,1.1413507
1.3694229,1.1815012,1.1067348
1.4961177,1.3577791,1.2404788
1.447525,1.3694483,1.2255936
1.6285222,1.3486018,1.2889826
1.3913327,1.3153208,1.1775818
1.5038298,1.3239692,1.227881
1.5584956,1.3865898,1.2793005
1.449533,1.3137403,1.2010409
1.5708638,1.2953027,1.2406394
1.3996651,1.2831045,1.1664202
1.4385196,1.3064249,1.1931455
1.4282684,1.2800014,1.1767218
1.44771,1.2179143,1.155099
1.5073874,1.3007171,1.2183217
1.496291,1.2113394,1.1707153
1.4753689,1.3828775,1.2433422
1.4276402,1.273748,1.1735564
1.4297853,1.1976769,1.1383059
1.5142276,1.364906,1.251192
1.3352633,1.2970417,1.1456323
1.5214503,1.4430318,1.289824
1.4739372,1.2493113,1.1805172
1.431055,1.2863573,1.180809
1.486658,1.3770617,1.2454107
1.6007787,1.3490436,1.2783659
1.4793772,1.3948873,1.2504476
1.5040445,1.452002,1.2864547
1.3819607,1.3769279,1.2008737
1.5790108,1.281939,1.2372271
1.4208657,1.2394724,1.1547463
1.4838227,1.2835578,1.2007835
1.4894315,1.2373135,1.1807863
1.393236,1.2104378,1.1299598
1.4467891,1.40602,1.2416052
1.3237445,1.3129375,1.1476709
1.3433038,1.2414143,1.1240146
1.3921936,1.3392639,1.1886681
1.357526,1.2953821,1.154365
1.5162972,1.2548842,1.199775
1.5447676,1.3579919,1.2603582
1.3843226,1.34783,1.1891114
1.3690808,1.2656351,1.1457657
1.5731854,1.366767,1.2758999
1.3111584,1.2345955,1.1075023
1.4253155,1.3079323,1.1883981
1.4310117,1.3253891,1.1987358
1.5756285,1.2811635,1.2355471
1.4270972,1.2730484,1.1730098
1.4398057,1.3977952,1.2349751
1.4887377,1.3543917,1.2358853
1.4827514,1.3910308,1.2501217
1.5477479,1.447012,1.3026597
1.6519502,1.3748578,1.3108587
1.4922297,1.2345173,1.1805129
1.4132805,1.2894593,1.1749538
1.4485492,1.1772417,1.135605
1.586097,1.3413807,1.2689086
1.2674721,1.1428217,1.0474569
1.4087225,1.1633701,1.1134448
1.4345337,1.3906066,1.2295353
1.4590652,1.415725,1.2511545
1.4797564,1.3121419,1.2126143
1.4799085,1.4023392,1.2540259
1.5131303,1.2312704,1.1869935
1.5058728,1.4995118,1.3081661
1.5076251,1.393312,1.2615294
1.3208284,1.182241,1.087519
1.4939122,1.2733508,1.1999242
1.4573319,1.2502795,1.1744163
1.456158,1.375349,1.2318826
1.3813742,1.1838193,1.1125871
1.6651134,1.4794416,1.365882
1.3608261,1.1974963,1.110849
1.4056258,1.36248,1.2047124
1.5231512,1.2869612,1.2179805
1.4641588,1.2098869,1.15762
1.440676,1.3448757,1.211621
1.4960166,1.3465723,1.2352556
1.3683527,1.3112355,1.1660405
1.3668265,1.3206776,1.1695971
1.4292861,1.3525841,1.2103269
1.4988445,1.4459676,1.281556
1.3907859,1.2353323,1.1406794
1.4345264,1.3417344,1.2076275
1.5153984,1.3463451,1.2430363
1.7440264,1.4283063,1.3726156
1.5533133,1.3706135,1.2697293
1.3367279,1.3331245,1.1621194
1.5085038,1.3255439,1.2305036
1.5559762,1.397397,1.2833053
1.4832011,1.2493969,1.1842002
1.4752344,1.3584695,1.2321843
1.2920324,1.2672508,1.1139301
1.5014452,1.2096493,1.1718512
1.5294493,1.4058504,1.2763036
1.5039308,1.3170588,1.2246712
1.4164052,1.3771389,1.2158166
1.6224751,1.352763,1.2886516
1.350772,1.2830611,1.1459877
1.5051539,1.4234698,1.2741624
1.287983,1.2297953,1.0955753
1.2839755,1.2750874,1.1138887
1.4882882,1.1973647,1.1607484
1.4636912,1.2302756,1.1673274
1.5139395,1.2464592,1.1947515
1.526804,1.3233906,1.236824
1.4368244,1.2929213,1.1862086
1.4785478,1.4006087,1.2526745
1.5139056,1.2923666,1.2169276
1.6087652,1.3970805,1.304473
1.4990535,1.2213188,1.17669
1.4349076,1.3352602,1.2048492
1.4429082,1.4175276,1.2450181
1.4686288,1.3309699,1.2168275
1.3286381,1.2877932,1.1387013
1.3833915,1.1752894,1.1093044
1.5588024,1.4247808,1.2971071
1.4026866,1.3690302,1.2063531
1.2960995,1.1795768,1.0761678
1.5115219,1.4015445,1.2669013
1.2593749,1.217362,1.0778762
1.2902277,1.2315778,1.0973233
1.3211977,1.2160943,1.103283
1.4452004,1.2144136,1.1524262
1.4977038,1.2512975,1.1907948
1.3894888,1.3474838,1.1911682
1.4469345,1.446212,1.2593151
1.4085363,1.33897,1.1954615
1.4912705,1.316961,1.2195259
1.4635907,1.3451915,1.2212895
1.3449149,1.2061405,1.1084386
1.4041653,1.3412246,1.1946234
1.3533103,1.2905315,1.1504097
1.5273235,1.3559237,1.2523433
1.4423871,1.4070421,1.2401716
1.542256,1.3031342,1.2332724
1.4772274,1.3816229,1.2435517
1.4292452,1.291903,1.1826372
1.2950734,1.2685724,1.11582
1.4306632,1.2304493,1.154378
1.2941773,1.2250441,1.0960593
1.4575204,1.2064321,1.1533608
1.6689076,1.4611042,1.3588104
1.4985249,1.2790188,1.20446
1.5328033,1.3180896,1.236695
1.3263737,1.2977973,1.1421555
1.420577,1.1851134,1.1286265
1.597459,1.5463415,1.3682015
1.5856249,1.4005467,1.2968086
1.4608966,1.443932,1.2643743
1.4297262,1.1917682,1.1354212
1.4266238,1.1816195,1.1292826
1.2868941,1.2709256,1.1133296
1.4793862,1.2095534,1.163343
1.3001599,1.1642022,1.0707158
1.3728224,1.1600482,1.0978214
1.4932605,1.2822472,1.2039154
1.4867564,1.3198932,1.2190725
1.4336675,1.3167949,1.1959108
1.5238987,1.4540559,1.2958022
1.4622209,1.3251919,1.2115318
1.4277673,1.3289053,1.1989853
1.6155803,1.334562,1.2771202
1.5723608,1.3130499,1.2498518
1.4735907,1.251713,1.1815335
1.4282286,1.1905221,1.134233
1.3313411,1.3143389,1.1515706
1.2996147,1.240354,1.1052244
1.3933738,1.2504363,1.1487658
1.4490519,1.230328,1.1615984
1.4442616,1.3823237,1.2299882
1.538677,1.3071069,1.2337714
1.4259806,1.3180736,1.1933104
1.5827509,1.3155513,1.2551149
1.4944992,1.2472624,1.187589
1.5562485,1.3728071,1.2719427
1.4561749,1.3942907,1.2403862
1.4493408,1.2780975,1.1843764
1.4874109,1.1911317,1.1573234
1.4887632,1.2652572,1.1940135
1.3911304,1.2475293,1.1465011
1.3850694,1.3532531,1.1918277
1.6442617,1.357169,1.2992636
1.5638349,1.312288,1.2461507
1.4282038,1.3455482,1.2067024
1.5012405,1.3803478,1.2529591
1.6200271,1.3142596,1.2688829
1.3401681,1.33282,1.1634804
1.5825479,1.3551039,1.2740827
1.5064516,1.3547856,1.243325
1.6703506,1.340524,1.3011003
1.4259621,1.3479172,1.2068275
1.6019859,1.4302583,1.3173193
1.3595439,1.2335259,1.127099
1.4311322,1.3529928,1.2112879
1.501413,1.2801014,1.2061199
1.4483879,1.386835,1.2337534
1.4268624,1.2003198,1.138438
1.4816403,1.31017,1.2124535
1.3504754,1.1224207,1.0708884
1.4656173,1.3133848,1.2074517
1.3098925,1.3058218,1.1385541
1.3426319,1.3287708,1.1627768
1.4001606,1.3199953,1.1833996
1.5498223,1.2454804,1.2080517
1.5238953,1.4338949,1.2867376
1.6301653,1.3299356,1.2804896
1.3740784,1.3013539,1.1640332
1.4748483,1.35491,1.2303957
1.4652117,1.226447,1.1660724
1.4138699,1.3792466,1.2156624
1.4106848,1.3408467,1.1972106
1.5999367,1.356993,1.2818584
1.4369138,1.180705,1.1328228
1.3687336,1.339365,1.1786853
1.4300193,1.1878086,1.133613
1.3262846,1.2711309,1.1302848
1.4849921,1.4145086,1.2616335
1.3839356,1.3462104,1.1882288
1.3859245,1.348587,1.1901321
1.4580137,1.270641,1.1843525
1.4298563,1.3711449,1.2188852
1.5224512,1.3573203,1.2510188
1.4328898,1.2163651,1.1485271
1.436086,1.4123727,1.2398121
1.4928029,1.3405725,1.2311609
1.4414492,1.3390472,1.2092961
1.3715355,1.2042158,1.1183199
1.5817012,1.4981471,1.3399898
1.5174679,1.271441,1.208266
1.4481486,1.2850869,1.1871674
1.5289392,1.439021,1.2911682
1.445882,1.3119736,1.1987275
1.427279,1.3223869,1.1958163
1.434928,1.1728755,1.1282212
1.4899102,1.3571769,1.2376499
1.3922219,1.2435975,1.145117
1.4085222,1.3590755,1.2044362
1.495932,1.3348837,1.2297897
1.5143747,1.3309441,1.235406
1.4392381,1.2781535,1.1803178
1.463427,1.3571155,1.2266656
1.591454,1.2837946,1.2429072
1.4478749,1.3215138,1.20394
1.4668382,1.3343956,1.2176718
1.4752951,1.3237777,1.216224
1.4031383,1.3216181,1.185382
1.422357,1.418966,1.2367566
1.4281313,1.4089307,1.234869
1.5189272,1.2506233,1.1987158
1.490048,1.3617903,1.2398278
1.4092226,1.3658499,1.2077434
1.4518821,1.3033262,1.197181
1.3255321,1.3096634,1.1470104
1.380704,1.2274483,1.1329108
1.4920114,1.3765965,1.2474209
1.4485825,1.3773301,1.2295806
1.321092,1.2920578,1.1373552
1.5876489,1.3284639,1.263286
1.5022876,1.2975727,1.2147967
1.4120888,1.3764764,1.2136747
1.3197726,1.277003,1.1301283
1.3929846,1.3798776,1.2069422
1.4945809,1.24551,1.1867712
1.5066729,1.2828678,1.2095226
1.4932142,1.2822976,1.2039208
1.3293362,1.2383609,1.116813
1.551189,1.2600756,1.215784
1.3452328,1.1390635,1.0768781
1.440947,1.4350759,1.2518586
1.522591,1.5001981,1.315702
1.3940492,1.2336113,1.1411954
1.5987355,1.3207316,1.2638454
1.6081923,1.3670703,1.2899481
1.4634794,1.4626449,1.2736695
1.582771,1.5011542,1.3417922
1.385598,1.3662847,1.1977911
1.455774,1.280752,1.1882162
1.4112102,1.3615491,1.2066813
1.57147,1.4779816,1.3266022
1.5670075,1.5607437,1.3614295
1.5465304,1.258269,1.2131062
1.2882477,1.1609083,1.064327
1.4710793,1.3503753,1.2267603
1.6068615,1.3758143,1.2936052
1.4447722,1.3314024,1.2071906
1.4257442,1.3924257,1.2265767
1.5378494,1.2648283,1.212977
1.4839365,1.2423733,1.1810966
1.3891788,1.2698872,1.1560276
1.3592373,1.2830317,1.1495403
1.5000119,1.2587616,1.1953077
1.3768336,1.2772917,1.1542999
1.4835446,1.3093663,1.2128459
1.3923458,1.3335626,1.1861895
1.4280925,1.3352158,1.2019844
1.3564813,1.2779655,1.1460984
1.4419409,1.2172601,1.1525195
1.6030785,1.4073122,1.307021
1.3883085,1.1550283,1.101454
1.3207263,1.1738769,1.0835799
1.4043593,1.3198526,1.1850975
1.3787061,1.2430154,1.1393355
1.4587939,1.321492,1.208418
1.5088115,1.2587422,1.1987368
1.2928852,1.2380047,1.101323
1.4101328,1.3708212,1.2103354
1.3956697,1.1650192,1.1091698
1.3387244,1.2377408,1.1204375
1.4723235,1.2195766,1.1655089
1.6052096,1.3004062,1.2563736
1.412592,1.3706908,1.2113295
1.479464,1.1852834,1.1513962
1.3395146,1.3298118,1.1618826
1.4514098,1.3780414,1.2310932
1.4826509,1.3780241,1.2441815
1.6825132,1.4190309,1.3441713
1.5017709,1.2383204,1.1860664
1.5733356,1.3122505,1.2498448
1.4656653,1.3866751,1.2409819
1.50775,1.429924,1.2781583
1.4508088,1.4175622,1.2484304
1.3797562,1.3316087,1.1799668
1.4160162,1.4037875,1.227377
1.5899546,1.3361862,1.2679204
1.4130323,1.3095796,1.1840587
1.5545228,1.3445842,1.257935
1.5241272,1.3205187,1.2343941
1.4379905,1.4009123,1.2355778
1.229469,1.2041261,1.0592148
1.5701997,1.3004732,1.2429024
1.5236471,1.3487952,1.2475213
1.3686928,1.2917978,1.1574652
1.5000701,1.3001097,1.2151161
1.4924318,1.434644,1.2737857
1.4503322,1.2625248,1.1774408
1.4941845,1.3002679,1.2128383
1.5563713,1.3544025,1.2633245
1.3948565,1.3074574,1.1755121
1.4930582,1.331338,1.22697
1.2849419,1.2795072,1.1162384
1.2988493,1.2159986,1.0939382
1.3990839,1.3010503,1.174372
1.4877136,1.2802103,1.2007416
1.492027,1.3388286,1.230035
1.4751726,1.3832392,1.2434236
1.4959743,1.4367146,1.2762142
1.3237104,1.1522214,1.0746069
1.4055905,1.1493669,1.1053855
1.4740624,1.4407324,1.2686386
1.3578163,1.2218472,1.1209911
1.5725136,1.5049073,1.3391373
1.3939751,1.3866501,1.2103324
1.3665351,1.2149211,1.1213169
1.6357929,1.3916891,1.3126411
1.5102059,1.317902,1.2275873
1.3460312,1.2937888,1.1487783
1.4389056,1.2508591,1.1673512
1.5748891,1.4510719,1.3158025
1.3702244,1.3113965,1.1669062
1.6643456,1.4581916,1.3556056
1.4451901,1.1923014,1.1416905
1.455644,1.4044728,1.244699
1.624663,1.3175935,1.2723035
1.4430767,1.4214385,1.24681
1.568406,1.4392194,1.3076953
1.6344734,1.5183009,1.3712065
1.4438131,1.1711415,1.1307833
1.5392416,1.2852741,1.2234683
1.5038743,1.4083699,1.2668098
1.3451223,1.2345374,1.1216235
1.4184225,1.2791675,1.172316
1.4020056,1.2513059,1.1526841
1.3905016,1.3145262,1.1768743
1.5697851,1.3790978,1.2803528
1.3789475,1.3004723,1.1656848
1.4659083,1.2881064,1.195754
1.4280775,1.412424,1.2363776
1.3616022,1.3040549,1.15997
1.385917,1.3612673,1.1957237
1.6103356,1.364007,1.2893226
1.5551053,1.3018705,1.2376996
1.4713463,1.2996812,1.2033802
1.3652366,1.3391445,1.1770844
1.6035986,1.3313605,1.2709088
1.4659296,1.2088276,1.1577895
1.5262526,1.2225333,1.1876928
1.4513408,1.2303728,1.162522
1.6339253,1.444035,1.336698
1.5770698,1.3925698,1.2896147
1.4627289,1.4246292,1.2566643
1.3922471,1.1490295,1.1000644
1.200316,1.1690032,1.031198
1.5168716,1.3756745,1.2572529
1.3563923,1.3120183,1.1613004
1.4326085,1.3757248,1.2220972
1.512213,1.294074,1.2170736
1.2919595,1.2090874,1.0879266
1.4644051,1.2184818,1.1618972
1.4319719,1.3043311,1.1894894
1.5258714,1.4903278,1.3127676
1.5464575,1.4227782,1.291089
1.3612591,1.3280817,1.1704967
1.4645756,1.4001819,1.2465801
1.495287,1.3201452,1.2226404
1.4145893,1.3834037,1.2178065
1.5599921,1.4706455,1.3184736
1.4340641,1.1977719,1.1400236
1.5792155,1.3224013,1.2570565
1.508326,1.3687528,1.250552
1.4939891,1.2416904,1.1846864
1.4715908,1.4364142,1.2656715
1.5912136,1.2795817,1.2407305
1.4033012,1.183181,1.1209323
1.3265696,1.2122171,1.1037253
1.5878195,1.3154876,1.2570546
1.5299271,1.3279802,1.2402458
1.5625446,1.3226821,1.2506528
1.5383226,1.3878236,1.2716565
1.3847446,1.3408482,1.1861985
1.473671,1.3624789,1.2333671
1.413188,1.3404707,1.198098
1.4541287,1.3054363,1.1990767
1.3167216,1.2966427,1.1374925
1.6732525,1.3998969,1.3313057
1.6155144,1.3326393,1.2761568
1.5546731,1.3373371,1.2545502
1.4944222,1.4252064,1.2704136
1.4673553,1.3708583,1.2345471
1.4169235,1.3478831,1.2030016
1.490397,1.4676538,1.2875206
1.5256097,1.2665921,1.2090904
1.5545202,1.50583,1.3318925
1.6033022,1.3141245,1.2623831
1.5072844,1.2726963,1.2048795
1.4296474,1.1604825,1.1200985
1.5319085,1.4333917,1.2898669
1.3959446,1.2965482,1.171017
1.5719562,1.3413439,1.2633139
1.4275757,1.37575,1.2199682
1.4227929,1.2631682,1.1666532
1.5479625,1.2545989,1.2118481
1.3527683,1.241153,1.1278151
1.4949145,1.2747536,1.2009917
1.3876706,1.3293036,1.1823041
1.5877028,1.3638484,1.2802981
1.5153486,1.2393721,1.1918265
1.5588704,1.3502835,1.2623729
1.3498036,1.3047166,1.155247
1.3772422,1.243292,1.1388646
1.5417997,1.2823328,1.2230388
1.4937532,1.4533674,1.2826642
1.4316947,1.3540981,1.2120222
1.5448241,1.4367597,1.2967865
1.4064653,1.3862554,1.2155641
1.5525339,1.2652335,1.2188382
1.6160871,1.3723079,1.295574
1.3640085,1.2394552,1.1316665
1.4864446,1.2916608,1.2056704
1.4675218,1.4099743,1.2522023
1.3741512,1.3493085,1.1853955
1.4638762,1.3271626,1.2131205
1.3676798,1.1754045,1.1031408
1.5141678,1.3503844,1.2444215
1.4527422,1.3227278,1.2065022
1.468048,1.3400352,1.2207645
1.3191699,1.2288967,1.1082749
1.4407074,1.4061388,1.239052
1.454398,1.2287515,1.1629457
1.4438399,1.336863,1.2092961
1.5837252,1.3800645,1.286406
1.5012107,1.3877805,1.256343
1.4139847,1.2756066,1.1688523
1.5928576,1.4739925,1.3337204
1.4082956,1.2852327,1.1709573
1.5912791,1.4893432,1.3400377
1.4945775,1.444197,1.2789503
1.362568,1.316689,1.1660092
1.3245505,1.2109636,1.1023172
1.4214256,1.3820837,1.220154
1.560227,1.2995183,1.2385588
1.3150315,1.1051834,1.0487006
1.477942,1.3845673,1.245184
1.5236428,1.2934846,1.2213084
1.4940659,1.2440265,1.1858507
1.441656,1.2277064,1.1574233
1.3606849,1.30982,1.1621517
1.4555423,1.2051727,1.1519796
1.4987632,1.2934955,1.211456
1.6391747,1.3917208,1.3139905
1.413025,1.3748618,1.2133619
1.574668,1.4681515,1.32349
1.6098717,1.4419338,1.3259605
1.4605371,1.3080755,1.2029147
1.441111,1.3346515,1.2071542
1.3746035,1.3718721,1.1954722
1.3951402,1.3398457,1.1901797
1.4695452,1.3069874,1.2060688
1.3364773,1.2590837,1.1291807
1.4658784,1.3367877,1.2183778
1.3731964,1.119232,1.0781201
1.3272997,1.3100214,1.1479311
1.5272343,1.370539,1.2591147
1.5274917,1.27294,1.2129058
1.4075389,1.301699,1.1781842
1.497151,1.2432495,1.1866744
1.4434564,1.3462079,1.2133863
1.54428,1.3093117,1.2370383
1.4340189,1.2481596,1.1641192
1.46015,1.3786447,1.2350459
1.4257983,1.1687033,1.1226557
1.481232,1.4260254,1.2651834
1.3825102,1.222838,1.131486
1.4316664,1.3803017,1.2237352
1.5213082,1.4077396,1.2737917
1.5965444,1.3040739,1.25485
1.4534795,1.4239312,1.2523865
1.3992358,1.2434244,1.1478838
1.450003,1.2860175,1.1883534
1.4284917,1.3402435,1.2044272
1.622361,1.3418767,1.2833157
1.419248,1.2642626,1.1657265
1.383945,1.2775277,1.1573617
1.463127,1.2180814,1.161205
1.5001817,1.3490547,1.2381074
1.4104172,1.2893817,1.173738
1.5042737,1.4066108,1.2661802
1.4025003,1.3661373,1.2049948
1.5583559,1.3921098,1.2818168
1.4603754,1.2586298,1.179602
1.4397128,1.1936007,1.1401983
1.4725305,1.3021299,1.205006
1.4943537,1.2946408,1.2102416
1.4284163,1.2272067,1.151941
1.4260364,1.3370605,1.2019594
1.411451,1.1854752,1.1252345
1.4244208,1.3408751,1.2030057
1.4693522,1.1908376,1.1502826
1.4568423,1.3648283,1.2274197
1.5224929,1.2742578,1.2115932
1.4008347,1.17576,1.1163853
1.3191569,1.25112,1.1183076
